method,family,weighted_mae,weighted_rmse,weighted_bias,weighted_r2,weighted_prediction_mean,exact_rounded_accuracy,within_2_trips,within_3_trips,weighted_within_2_trips,weighted_within_3_trips,weighted_mae_delta_vs_primary,weighted_mae_gain_vs_historical_pct
historical_xgboost,data_only,4.337687319043563,5.316934312940995,3.605183709134669,-0.6367465180201153,7.437097391314626,0.05840618269352591,0.2647915874825795,0.41935892563030536,0.23389974913658806,0.38083928785572935,1.8354074850945965,0.0
llm_only_pressure,llm_only,2.7175133709906736,3.9876142225127875,-0.37324858863071647,0.07937003059806125,3.4586650935492393,0.1415178005827949,0.5095654377296338,0.679842898771063,0.5170028343054679,0.6834677196621461,0.2152335370417071,37.35110045714704
primary_hybrid_gated_adapter,hybrid_event_adapter,2.5022798339489665,3.6038437615055248,-0.023038008084742212,0.24804691566227388,3.808875674095214,0.1772456607120233,0.5449132142404662,0.7116432281768655,0.5395255506831927,0.7084982108536632,0.0,42.31304264456052
zero_shot_llm_rule_tree,llm_rule_baseline,2.6019480690910624,3.830014282030921,-0.4072081043861147,0.1507029360810434,3.424705577793841,0.1268212340048144,0.5276827568731788,0.6972000506778158,0.5309507533785092,0.6981931569628542,0.09966823514209588,40.015315127306636
zero_shot_pseudo_label_tree,llm_rule_baseline,2.604019223245571,3.83680862062466,-0.4072081043861163,0.1476870047196889,3.42470557779384,0.1231470923603192,0.5280628404915748,0.6998606360065881,0.5336901586204672,0.7013470295722758,0.10173938929660453,39.967567237655494
llm_rule_small_hist_calibrated_n100,llm_rule_small_data_calibration,3.001176831492525,4.03305371630898,0.7405335168297723,0.05508395144726771,,,,,0.4104440057355812,0.6061834057446531,0.49889699754355865,30.811591275457154
llm_rule_small_hist_calibrated_n500,llm_rule_small_data_calibration,2.7723230507938394,3.8226289117509773,0.46271734233942385,0.1537703927092823,,,,,0.4719225384230846,0.6628017412628058,0.270043216844873,36.087531283718214
llm_rule_small_hist_calibrated_n1000,llm_rule_small_data_calibration,2.7905192818776574,3.843590076830824,0.5725336541383885,0.14447296763640946,,,,,0.47817576546353235,0.6599436216176463,0.28823944792869094,35.66803974950984
llm_rule_full_history_calibrated,llm_rule_full_history_calibration,2.78703029996339,3.8417604945460195,0.6068300929656252,0.145485555296901,,,,,0.4937734849012893,0.6551172036102335,0.28475046601442333,35.74847389926863
