method,sample_size,seed,calibration_rows,event_alpha,weighted_mae,weighted_rmse,weighted_bias,weighted_r2,weighted_prediction_mean,exact_rounded_accuracy,within_2_trips,within_3_trips,weighted_within_2_trips,weighted_within_3_trips
llm_rule_small_hist_calibrated_n50,50,20265610,50,1.0,2.784026135240564,3.9695239852674353,-0.06911076209949234,0.08770415540072052,3.7628029200804636,0.12441403775497276,0.44773850247054353,0.6681870011402509,0.4437629707199413,0.6736208187508802
llm_rule_small_hist_calibrated_n50,50,20265611,50,1.0,3.132212463752735,4.093832649688047,1.0583914358311393,0.029671010683543275,4.890305118011096,0.09337387558596225,0.3513239579374129,0.5632839224629419,0.3469913157803812,0.5651698336697261
llm_rule_small_hist_calibrated_n50,50,20265612,50,1.0,2.736471104141855,3.891949050074962,-0.01343070144276855,0.12301305527556061,3.8184829807371874,0.13176232104396302,0.4732041049030787,0.6683136956797162,0.4721895772495905,0.670533298803416
llm_rule_small_hist_calibrated_n50,50,20265613,50,1.0,3.1936115830629377,4.116163373191659,1.3231945069717665,0.019056387614233894,5.155108189151722,0.07867730900798175,0.3513239579374129,0.5559356391739516,0.3412711195854485,0.5574995301395782
llm_rule_small_hist_calibrated_n50,50,20265614,50,1.0,2.90079367289087,3.9528177366797155,0.5119136042494576,0.09536702343622161,4.343827286429414,0.10629671861142785,0.42721398707715696,0.6121880146965666,0.42398270535000676,0.6157574871042244
llm_rule_small_hist_calibrated_n50,50,20265615,50,1.0,3.8940123636134842,4.641330010398284,2.553745211469834,-0.24722191636407964,6.38565889364979,0.060053211706575446,0.24325351577347015,0.3769162549094134,0.2399671124948391,0.3722182283779021
llm_rule_small_hist_calibrated_n50,50,20265616,50,1.0,2.6956656578436005,3.844715996488302,-0.07197521181031802,0.14417027780511738,3.759938470369638,0.1340428227543393,0.47345749398200937,0.6769289243633599,0.462255793754822,0.6789554257277668
llm_rule_small_hist_calibrated_n50,50,20265617,50,1.0,3.679947920723611,4.459790512028159,2.1796044823801295,-0.15156313752194595,6.011518164560086,0.05409856835170404,0.2614975294564804,0.4345622703661472,0.2592573608780125,0.43239127491821827
llm_rule_small_hist_calibrated_n50,50,20265618,50,1.0,2.74929613339813,3.828158553364865,0.22882770997330984,0.15152574402477992,4.0607413921532665,0.12441403775497276,0.4666159888508805,0.6730013936399342,0.46068137432188155,0.671891296408951
llm_rule_small_hist_calibrated_n50,50,20265619,50,1.0,4.015792095876293,4.761421195043974,2.8532415917217318,-0.31259890458914064,6.685155273901688,0.05739262637780312,0.23413150893196502,0.384391232737869,0.22290910239957143,0.3690127456470799
llm_rule_small_hist_calibrated_n50,50,20265620,50,1.0,2.800070542219494,3.8894608367653856,0.32721136057214384,0.12413405301564884,4.1591250427521,0.118332699860636,0.43671607753705816,0.6431014823261118,0.43024862759990895,0.6463237307419558
llm_rule_small_hist_calibrated_n50,50,20265621,50,1.0,2.588691506876819,3.8276098027040244,-0.47348066886871143,0.15176897712560888,3.3584330133112448,0.14164449512226024,0.521601418978842,0.7225389585708856,0.5245669735837392,0.7302084222816366
llm_rule_small_hist_calibrated_n50,50,20265622,50,1.0,3.102448191964405,4.085040228837666,0.9514236944222847,0.03383453170211559,4.7833373766022405,0.08691245407322945,0.35461801596351195,0.559736475357912,0.3479744688782835,0.5632814582643324
llm_rule_small_hist_calibrated_n50,50,20265623,50,1.0,3.2074166601542085,4.066251018554909,1.424831300375182,0.04270188012802134,5.256744982555138,0.08285822881033827,0.33257316609654125,0.5267958950969214,0.3213817831231884,0.5217223705843417
llm_rule_small_hist_calibrated_n50,50,20265624,50,1.0,2.678201418192819,3.832453982675657,-0.0618694859482255,0.14962059519218962,3.7700441962317304,0.12175345242620043,0.4896743950335741,0.6822500950209046,0.4880915307413696,0.6896700037922221
llm_rule_small_hist_calibrated_n50,50,20265625,50,1.0,3.6445539704299454,4.432125224787993,2.148433676864531,-0.13732053487763674,5.9803473590444876,0.06385404789053592,0.27733434688964903,0.42974787786646396,0.27117823321226164,0.4312179512288594
llm_rule_small_hist_calibrated_n50,50,20265626,50,1.0,2.904010958755847,3.871013526059393,0.7477649749331686,0.13242263365262474,4.579678657113125,0.094007348283289,0.4055492208285823,0.6204231597618143,0.3939979056093534,0.619926220850313
llm_rule_small_hist_calibrated_n50,50,20265627,50,1.0,2.8042529334106443,3.829908183803694,0.47181380305940473,0.15074998951643415,4.303727485239361,0.10705688584821994,0.45065247687824656,0.637020144431775,0.4381628751369617,0.6359951878693627
llm_rule_small_hist_calibrated_n50,50,20265628,50,1.0,2.804946365042948,3.923800908342027,0.21096981814029797,0.10859972735914125,4.0428835003202535,0.10769035854554669,0.43380210312935513,0.6603319396933992,0.42698593107311344,0.660876018521313
llm_rule_small_hist_calibrated_n50,50,20265629,50,1.0,2.7171045301645114,4.000277225400871,-0.3652309766315844,0.07351367153616106,3.4666827055483718,0.12694792854427975,0.5000633472697327,0.68237678956037,0.4994219086499386,0.6918086701768212
llm_rule_small_hist_calibrated_n100,100,20270610,100,1.0,2.7729621372826783,4.116920787883115,-0.4893852855621269,0.018695347784630223,3.3425283966178294,0.11693905992651717,0.4944887875332573,0.6861776257443304,0.4952115372017556,0.6959141427237757
llm_rule_small_hist_calibrated_n100,100,20270611,100,1.0,3.481950295231013,4.312885874201152,2.066207071032071,-0.07694808454512159,5.8981207532120274,0.07031546940326872,0.3164829595844419,0.4925883694412771,0.3078773089158498,0.4866526054196269
llm_rule_small_hist_calibrated_n100,100,20270612,100,1.0,3.6629149518961066,4.542561391675561,2.3320565521077055,-0.19470435450598034,6.163970234287662,0.07449638920562524,0.29051057899404537,0.45863423286456356,0.2788173621337577,0.4455836594801881
llm_rule_small_hist_calibrated_n100,100,20270613,100,1.0,2.686691786923628,3.82173769386038,-0.00959144533633049,0.15436959967178854,3.8223222368436254,0.13987077156974534,0.48194602812618775,0.6819967059419739,0.4775279992957959,0.681702054492548
llm_rule_small_hist_calibrated_n100,100,20270614,100,1.0,2.591451745428525,3.9035133241929127,-0.9446838923373247,0.1177936731600624,2.8872297898426313,0.16787026479158748,0.5520081084505258,0.73685544153047,0.5594756034295296,0.7392273670195069
llm_rule_small_hist_calibrated_n100,100,20270615,100,1.0,2.887631099952367,3.8647833755837024,0.7161610705357916,0.13521300774584655,4.548074752715748,0.1059166349930318,0.43557582668187,0.616368934498923,0.4270693148285086,0.6118584607380357
llm_rule_small_hist_calibrated_n100,100,20270616,100,1.0,3.646331123962034,4.489079714261579,2.3575727946987883,-0.16673834329187098,6.189486476878744,0.06993538578487267,0.30216647662485746,0.47725833016596986,0.29324817106770945,0.4692349796354246
llm_rule_small_hist_calibrated_n100,100,20270617,100,1.0,3.100755396977707,4.037797655089519,1.0978538972626177,0.056052286587228495,4.929767579442574,0.0929937919675662,0.3595591030026606,0.5754465982516154,0.3521169384172038,0.5765399830893083
llm_rule_small_hist_calibrated_n100,100,20270618,100,1.0,2.7797302529240344,3.805258882445762,0.4465677621742792,0.16164636334991167,4.278481444354235,0.1066768022298239,0.4549600912200684,0.6550107690358545,0.44403342856037675,0.655325485472955
llm_rule_small_hist_calibrated_n100,100,20270619,100,1.0,3.216860867333121,4.101131983847435,1.3455483530051928,0.02620771823992729,5.177462035185148,0.08133789433675409,0.3326998606360066,0.5227416698340301,0.32703204166265265,0.52299285759133
llm_rule_small_hist_calibrated_n100,100,20270620,100,1.0,2.6714678613857035,3.8001893412421617,-0.005659724834760058,0.16387866205388402,3.826253957345196,0.1270746230837451,0.49246167490181175,0.6752818953503104,0.4883993178356551,0.6802788468599824
llm_rule_small_hist_calibrated_n100,100,20270621,100,1.0,3.3282391126378412,4.160222382419329,1.7668777620261307,-0.0020558510704125066,5.598791444206086,0.07627011275814012,0.3272519954389966,0.507791714177119,0.3173744515146354,0.49400194911020784
llm_rule_small_hist_calibrated_n100,100,20270622,100,1.0,3.6229822913376193,4.41756860736094,2.2397406788231717,-0.12986210261418196,6.0716543610031275,0.06904852400861523,0.2886101609020651,0.45977448371975166,0.28021876827594394,0.4530793962371087
llm_rule_small_hist_calibrated_n100,100,20270623,100,1.0,2.74636038980128,3.8383534318874455,0.23836400303723718,0.14700053431775695,4.070277685217193,0.12352717597871532,0.4558469529963259,0.6615988850880528,0.44590942196115524,0.6631866835665304
llm_rule_small_hist_calibrated_n100,100,20270624,100,1.0,2.8780026584692067,3.9370070648720135,0.39298725199985146,0.10258933998281139,4.224900934179807,0.10743696946661599,0.4203724819460281,0.6376536171291017,0.41725324427229765,0.6355236097100064
llm_rule_small_hist_calibrated_n100,100,20270625,100,1.0,3.0158585914663414,4.068897932603704,0.9546287806395436,0.041455173742435236,4.7865424628195,0.10845052578233878,0.43886988470796906,0.6251108577220322,0.42508334301165274,0.6165161157371962
llm_rule_small_hist_calibrated_n100,100,20270626,100,1.0,2.747773331357963,3.956442541159415,-0.199362622841714,0.09370713350999005,3.6325510593382417,0.13112884834663627,0.4835930571392373,0.674395033574053,0.47678524619194035,0.6776698900661051
llm_rule_small_hist_calibrated_n100,100,20270627,100,1.0,2.635300386287887,3.87354650949883,-0.3801180178301152,0.1312868700760108,3.451795664349841,0.1265678449258837,0.5061446851640694,0.6997339414671228,0.5056639783909881,0.7077963725771751
llm_rule_small_hist_calibrated_n100,100,20270628,100,1.0,2.7904948174734203,3.8224802980982204,0.45334634547537916,0.154040937801333,4.285260027655335,0.11250475104522994,0.4533130622070189,0.6476624857468644,0.4476718523876157,0.6473284025876972
llm_rule_small_hist_calibrated_n100,100,20270629,100,1.0,2.7597775317220257,3.79069553399642,0.4315590025200574,0.16805111694930497,4.263472684700013,0.12264031420245787,0.45343975674648423,0.6664132775877359,0.44211078535659964,0.6632552527783542
llm_rule_small_hist_calibrated_n250,250,20285610,250,1.0,2.7662155105294697,3.790259056701366,0.4876832687144337,0.16824269439931927,4.319596950894389,0.1195996452552895,0.4634486253642468,0.6632459141011022,0.4531997940192204,0.6602430655700928
llm_rule_small_hist_calibrated_n250,250,20285611,250,1.0,2.8688137840348316,3.9016985088038947,0.7729334749594859,0.11861379047920606,4.604847157139442,0.11921956163689346,0.4567338147725833,0.6575446598251615,0.4443158766064713,0.6519312324471351
llm_rule_small_hist_calibrated_n250,250,20285612,250,1.0,2.87232686223418,3.8627048069199943,0.8612114359422752,0.1361429619475928,4.693125118122231,0.11085772203218042,0.44140377549727605,0.6380337007474978,0.43378886221610535,0.632266842416467
llm_rule_small_hist_calibrated_n250,250,20285613,250,1.0,2.9376873696996952,3.9578916664692954,0.9570247492715128,0.09304311656334019,4.78893843145147,0.1064234131508932,0.4454580007601672,0.647915874825795,0.43016297028295425,0.6415954447234646
llm_rule_small_hist_calibrated_n250,250,20285614,250,1.0,2.631281862541333,3.7741134793444093,-0.07977679302983783,0.1753137674632318,3.7521368891501186,0.12517420499176485,0.5098188268085645,0.68237678956037,0.5068040894386961,0.6849157266902692
llm_rule_small_hist_calibrated_n250,250,20285615,250,1.0,2.785925197508991,3.8386235306272187,0.34876363161851454,0.1468804817009115,4.180677313798471,0.1113645001900418,0.44393766628658304,0.6522234891676169,0.4423564254441741,0.6537023543558851
llm_rule_small_hist_calibrated_n250,250,20285616,250,1.0,2.718343200028846,3.766317273426205,0.3451993444267746,0.17871736572538155,4.1771130266067305,0.12568098314962625,0.48169263904725707,0.6713543646268846,0.47568450671906554,0.6686235600153081
llm_rule_small_hist_calibrated_n250,250,20285617,250,1.0,3.1401710523838546,4.086203478578472,1.4664793695489535,0.03328420578783253,5.298393051728909,0.09261370834917015,0.38008361839604715,0.5987583935132396,0.36395219144802654,0.5932698922206593
llm_rule_small_hist_calibrated_n250,250,20285618,250,1.0,2.9296568481947265,3.9604052922457975,0.8259975298875947,0.09189074842482503,4.6579112120675505,0.11098441657164576,0.43481565944507794,0.6577980489040922,0.42629405186877817,0.6487591400582893
llm_rule_small_hist_calibrated_n250,250,20285619,250,1.0,2.797855430652594,3.817447360813927,0.6469895288558409,0.15626716559679787,4.478903211035798,0.1265678449258837,0.4637020144431775,0.6526035727860129,0.4580779173752625,0.6499846293464486
llm_rule_small_hist_calibrated_n250,250,20285620,250,1.0,2.690627545619585,3.771860912957113,0.21417971185024579,0.17629789585712907,4.046093394030202,0.12302039782085392,0.48992778411250476,0.6762954516660332,0.4815598597636862,0.6800393959184774
llm_rule_small_hist_calibrated_n250,250,20285621,250,1.0,2.805986455344172,3.8104550715765724,0.590655089599162,0.15935520867333197,4.422568771779118,0.11288483466362599,0.46382870898264283,0.6513366273913594,0.4549195036411451,0.6478946878773278
llm_rule_small_hist_calibrated_n250,250,20285622,250,1.0,3.2092990288419774,4.252646470686223,1.5365004128647695,-0.04707405142994525,5.368414095044725,0.10211579880907133,0.40668947168377045,0.5920435829215761,0.3876785179353844,0.5827804109322197
llm_rule_small_hist_calibrated_n250,250,20285623,250,1.0,2.6722445377912165,3.7560912912014617,0.1485020250190315,0.18317106395259353,3.980415707198987,0.12986190295198277,0.5093120486507031,0.6859242366653997,0.5076849590192565,0.6833524002666532
llm_rule_small_hist_calibrated_n250,250,20285624,250,1.0,2.9533013993373056,3.8953417942963666,0.9874709994968499,0.12148339020236387,4.819384681676807,0.10578994045356645,0.40440896997339415,0.6229570505511213,0.38976811185177573,0.6182763315082314
llm_rule_small_hist_calibrated_n250,250,20285625,250,1.0,2.6382648469124956,3.8058292816572172,-0.22932560588478967,0.16139501009996093,3.6025880762951665,0.13467629545166604,0.5046243506904853,0.6992271633092614,0.4983663893314746,0.7043802256790892
llm_rule_small_hist_calibrated_n250,250,20285626,250,1.0,2.695701704140018,3.7932463451934626,0.22501171518457247,0.1669310805246732,4.0569253973645285,0.12466742683390346,0.5090586595717724,0.6895983783098948,0.5060149982022152,0.6834133741498398
llm_rule_small_hist_calibrated_n250,250,20285627,250,1.0,2.9265724173030887,3.953502821460995,0.9470642839430582,0.09505342233829261,4.778977966123015,0.11503864183453694,0.45090586595717724,0.6368934498923097,0.4427413281326836,0.6318590767962252
llm_rule_small_hist_calibrated_n250,250,20285628,250,1.0,2.8979393177847617,3.87989724541492,0.6781890759423997,0.12843599931151983,4.510102758122355,0.09793487900671481,0.40757633346002786,0.628658304827062,0.40000873806021453,0.6262341280928955
llm_rule_small_hist_calibrated_n250,250,20285629,250,1.0,2.677215508568247,3.794098795485549,0.053869468701596215,0.16655660991320653,3.8857831508815526,0.12289370328138857,0.500570125427594,0.6866844039021918,0.5001094175223789,0.6896765621152016
llm_rule_small_hist_calibrated_n500,500,20310610,500,1.0,2.706847488033263,3.761736345794708,0.3434855817744827,0.18071398367211844,4.175399263954439,0.11896617255796275,0.4960091220068415,0.6813632332446472,0.4949870509235998,0.6796864160624713
llm_rule_small_hist_calibrated_n500,500,20310611,500,1.0,2.9853899961070254,4.005963313587773,1.0535097596180212,0.07087794068096864,4.885423441797977,0.10933738755859622,0.43506904852400863,0.6384137843658938,0.430781863529628,0.6291273152123498
llm_rule_small_hist_calibrated_n500,500,20310612,500,1.0,2.7743803207505415,3.798462009697014,0.5218021279406417,0.16463858762468897,4.3537158101205975,0.11668567084758646,0.4725706322057519,0.6594450779171418,0.4671217006209832,0.6570952897538638
llm_rule_small_hist_calibrated_n500,500,20310613,500,1.0,2.754831167200631,3.7949341154641636,0.4061220424691488,0.16618958280603435,4.238035724649105,0.11567211453186367,0.4691498796401875,0.6665399721272013,0.46249575224501877,0.6622061187419563
llm_rule_small_hist_calibrated_n500,500,20310614,500,1.0,2.7766861841144252,3.7978076236745926,0.44807267278949187,0.16492638923657243,4.279986354969449,0.10769035854554669,0.4628151526669201,0.6599518560750032,0.4573523925505078,0.6557940821859363
llm_rule_small_hist_calibrated_n500,500,20310615,500,1.0,2.71320266312012,3.7683144980442522,0.3314318241823261,0.1778461057190649,4.163345506362282,0.1206132015710123,0.48194602812618775,0.6775623970606867,0.47766614477096675,0.6726696359367093
llm_rule_small_hist_calibrated_n500,500,20310616,500,1.0,2.777093623663823,3.839763491081932,0.5554291887285125,0.1463737026892108,4.387342870908468,0.12226023058406182,0.4932218421386038,0.6731280881793995,0.48545362295879785,0.6662513652094733
llm_rule_small_hist_calibrated_n500,500,20310617,500,1.0,2.71812042970568,3.7904815288708824,0.3454160244773537,0.1681450502646381,4.17732970665731,0.12466742683390346,0.49816292917775246,0.6837704294944887,0.4975598825856647,0.6800058701476402
llm_rule_small_hist_calibrated_n500,500,20310618,500,1.0,2.8351410051558017,3.840544258134572,0.5395340170942524,0.14602651930137778,4.371447699274208,0.10110224249334854,0.43228176865577095,0.6447485113391613,0.4265151716730325,0.6434769516101553
llm_rule_small_hist_calibrated_n500,500,20310619,500,1.0,2.7813708092051663,3.8306146188135943,0.5813761669800428,0.1504366685484675,4.413289849159999,0.12314709236031927,0.4858735588496136,0.6596984669960725,0.48090318152311046,0.6552667505525508
llm_rule_small_hist_calibrated_n500,500,20310620,500,1.0,2.828889016988979,3.822273075679057,0.7263353853740191,0.15413265674716248,4.558249067553975,0.11845939440010135,0.4370961611554542,0.6412010642341315,0.4287727820916872,0.6366101379259366
llm_rule_small_hist_calibrated_n500,500,20310621,500,1.0,2.724750491529071,3.7989530508600042,0.2591497962300756,0.16442259317628838,4.091063478410032,0.11440516913721019,0.4824528062840492,0.6665399721272013,0.48004038965500195,0.6675288152336906
llm_rule_small_hist_calibrated_n500,500,20310622,500,1.0,2.8772851142882603,3.87732422050144,0.7752184855018204,0.12959160326165542,4.607132167681776,0.10857722032180413,0.443557582668187,0.6442417331812998,0.44200417219420496,0.6383181236258764
llm_rule_small_hist_calibrated_n500,500,20310623,500,1.0,2.7027891319070845,3.7880940439277597,0.2872788469332144,0.16919262993760564,4.119192529113171,0.1250475104522995,0.5025972380590397,0.6822500950209046,0.4981990636120319,0.677854266006924
llm_rule_small_hist_calibrated_n500,500,20310624,500,1.0,2.7620275580184845,3.788624111580714,0.49692174355771723,0.16896010407153517,4.328835425737673,0.11719244900544787,0.4659825161535538,0.6629925250221715,0.46107501267168804,0.6601034357159399
llm_rule_small_hist_calibrated_n500,500,20310625,500,1.0,2.641445451914249,3.781540560506407,-0.04269741619819759,0.17206477226286576,3.7892162659817585,0.13708349170150766,0.5278094514126441,0.7099961991638161,0.5323394259805574,0.7077051943617658
llm_rule_small_hist_calibrated_n500,500,20310626,500,1.0,2.666565422847504,3.776323518235245,0.0803885968596741,0.1743476479807169,3.9123022790396305,0.12783479032053718,0.49562903838844546,0.684910680349677,0.4951513922628081,0.6901429756868284
llm_rule_small_hist_calibrated_n500,500,20310627,500,1.0,2.7129147835999694,3.809582897170483,0.17573399640299292,0.15973999471494604,4.007647678582949,0.1294818193335867,0.5003167363486634,0.6851640694286076,0.5031381087746123,0.6866803248450605
llm_rule_small_hist_calibrated_n500,500,20310628,500,1.0,2.8459339590436197,3.8288326541230977,0.7314267377710305,0.15122690191084454,4.563340419950986,0.11301152920309135,0.44368427720765236,0.6431014823261118,0.43617119124552756,0.6366830878698281
llm_rule_small_hist_calibrated_n500,500,20310629,500,1.0,2.8607963986830853,3.9524082992718528,0.6384112683018567,0.09555441957888389,4.470324950481813,0.11377169643988344,0.48701380970480174,0.6577980489040922,0.4807224665922633,0.6528286685711596
llm_rule_small_hist_calibrated_n1000,1000,20360610,1000,1.0,2.7150301513824164,3.7741424341572016,0.32823993199771023,0.17530111351034772,4.160153614177666,0.12644115038641834,0.4900544786519701,0.671861142784746,0.48743588191668336,0.6720475002286455
llm_rule_small_hist_calibrated_n1000,1000,20360611,1000,1.0,2.8423721545481113,3.885692565479247,0.7351889455953744,0.12583038153312676,4.567102627775331,0.12403395413657671,0.47561130115292033,0.6589382997592804,0.4702735007839361,0.6517363763544409
llm_rule_small_hist_calibrated_n1000,1000,20360612,1000,1.0,2.7776067310906676,3.8867570727466396,0.46229905473511446,0.12535134858743624,4.29421273691507,0.11567211453186367,0.5180539718738122,0.6788293424553402,0.5168645862802567,0.6756458027133817
llm_rule_small_hist_calibrated_n1000,1000,20360613,1000,1.0,2.879774881221558,3.9047508974294463,0.8587029086084703,0.11723419357318088,4.690616590788426,0.11757253262384391,0.45470670214113773,0.6465222348916762,0.4441294591577031,0.6423893602629933
llm_rule_small_hist_calibrated_n1000,1000,20360614,1000,1.0,2.8885955613690726,3.8767308466105552,0.9121349364866471,0.12985799217709348,4.744048618666603,0.12378056505764602,0.4430508045103256,0.6471557075890029,0.44225846346655656,0.6390047142415648
llm_rule_small_hist_calibrated_n1000,1000,20360615,1000,1.0,2.7264347808628537,3.8013228096061638,0.3336781600632295,0.16337981405661695,4.1655918422431855,0.12720131762321044,0.49208159128341566,0.671861142784746,0.4871614131970137,0.6667535217176159
llm_rule_small_hist_calibrated_n1000,1000,20360616,1000,1.0,2.872830592571452,3.8732858631960307,0.8898709438523931,0.13140377547366444,4.72178462603235,0.11630558722919042,0.4549600912200684,0.6444951222602305,0.4516515875715948,0.6386157830594145
llm_rule_small_hist_calibrated_n1000,1000,20360617,1000,1.0,2.834152492064845,3.899287284303447,0.684109939331238,0.11970283584333619,4.516023621511194,0.12276700874192323,0.48321297352084125,0.664259470416825,0.4735815055762861,0.6572740124090223
llm_rule_small_hist_calibrated_n1000,1000,20360618,1000,1.0,2.729180270068739,3.8051100280443366,0.3924616885715983,0.1617119516275023,4.224375370751555,0.12441403775497276,0.49740276194096034,0.6700874192322311,0.4951027608353202,0.6664747960127618
llm_rule_small_hist_calibrated_n1000,1000,20360619,1000,1.0,2.742178642257332,3.781244260130004,0.48148380915347544,0.1721945119310443,4.313397491333432,0.12352717597871532,0.47725833016596986,0.6617255796275181,0.47037798232267136,0.6576034765881548
llm_rule_small_hist_calibrated_n1000,1000,20360620,1000,1.0,2.8480303936761264,3.977673974355074,0.6362943465867075,0.08395416726065497,4.4682080287666635,0.12264031420245787,0.49664259470416827,0.6759153680476372,0.49362849745708604,0.6699164463723206
llm_rule_small_hist_calibrated_n1000,1000,20360621,1000,1.0,2.750916477210885,3.8123772114869388,0.4483906738025402,0.1585068877150252,4.280304355982495,0.1270746230837451,0.4993031800329406,0.675155200810845,0.4944062862708973,0.6674776934049819
llm_rule_small_hist_calibrated_n1000,1000,20360622,1000,1.0,2.7497979093817553,3.7810056213401793,0.4781903272751126,0.17229899619738442,4.310104009455069,0.12188014696566578,0.47852527556062335,0.6660331939693399,0.47652464644532067,0.6633827799296056
llm_rule_small_hist_calibrated_n1000,1000,20360623,1000,1.0,2.874409233937287,3.8714380519016984,0.8865502280332641,0.13223233247926625,4.718463910213221,0.11997972887368555,0.4539465349043456,0.631572279234765,0.4471746383570684,0.6245163947136535
llm_rule_small_hist_calibrated_n1000,1000,20360624,1000,1.0,2.7814614896858605,3.825174403164394,0.6078488630970432,0.15284804440257305,4.439762545276999,0.11972633979475485,0.4861269479285443,0.6712276700874192,0.4820605739605394,0.6617231447429388
llm_rule_small_hist_calibrated_n1000,1000,20360625,1000,1.0,2.7541721613777783,3.815783309405773,0.48867077845318296,0.15700258309896187,4.320584460633139,0.13049537564930952,0.5015836817433169,0.6768022298238946,0.5008535099565289,0.6704445662252431
llm_rule_small_hist_calibrated_n1000,1000,20360626,1000,1.0,2.8485595573363653,3.8976475429134525,0.6832640259439573,0.12044305121403309,4.515177708123914,0.11225136196629926,0.4745977448371975,0.6546306854174585,0.46554139184361976,0.6464211140570159
llm_rule_small_hist_calibrated_n1000,1000,20360627,1000,1.0,2.7139625311246527,3.7672852468931595,0.31932317249705877,0.17829515915105998,4.151236854677015,0.11845939440010135,0.48169263904725707,0.6857975421259344,0.4763709484952883,0.6808330148235032
llm_rule_small_hist_calibrated_n1000,1000,20360628,1000,1.0,2.662420045088121,3.749455493548064,0.18236214581522792,0.18605465923774278,4.014275827995184,0.12416064867604207,0.50994552134803,0.6906119346256177,0.5079372089786093,0.6890773888637175
llm_rule_small_hist_calibrated_n1000,1000,20360629,1000,1.0,2.8184995812972677,3.885636619904677,0.6416082028684236,0.12585555365813827,4.473521885048379,0.11972633979475485,0.4877739769415938,0.6628658304827062,0.48018046639766715,0.6575345456319516
llm_rule_full_history_calibrated,349660,20260610,349660,1.0,2.78703029996339,3.8417604945460195,0.6068300929656252,0.145485555296901,4.438743775145581,0.12340048143924996,0.4960091220068415,0.6623590523248448,0.4937734849012893,0.6551172036102335
