method,sample_size,seed,leaf,calibrated_leaf_value
llm_rule_small_hist_calibrated_n50,50,20265610,carless_nonworker,6.739229762104289
llm_rule_small_hist_calibrated_n50,50,20265610,large_multi_vehicle,7.5014225522074005
llm_rule_small_hist_calibrated_n50,50,20265610,multi_worker_multi_vehicle,6.828240441730639
llm_rule_small_hist_calibrated_n50,50,20265610,nonworker_other,6.251082954735912
llm_rule_small_hist_calibrated_n50,50,20265610,urban_nonworker,5.920152446108173
llm_rule_small_hist_calibrated_n50,50,20265610,worker_vehicle_household,7.856596959083774
llm_rule_small_hist_calibrated_n50,50,20265611,carless_worker,9.23906041336138
llm_rule_small_hist_calibrated_n50,50,20265611,large_low_vehicle,8.667631841932806
llm_rule_small_hist_calibrated_n50,50,20265611,large_multi_vehicle,9.267879099370395
llm_rule_small_hist_calibrated_n50,50,20265611,multi_worker_multi_vehicle,11.679138584916227
llm_rule_small_hist_calibrated_n50,50,20265611,nonworker_other,7.474395483252131
llm_rule_small_hist_calibrated_n50,50,20265611,urban_nonworker,7.499798293243402
llm_rule_small_hist_calibrated_n50,50,20265611,worker_vehicle_household,9.155920555056685
llm_rule_small_hist_calibrated_n50,50,20265612,carless_nonworker,6.991197586411058
llm_rule_small_hist_calibrated_n50,50,20265612,large_multi_vehicle,8.473051992604677
llm_rule_small_hist_calibrated_n50,50,20265612,multi_worker_multi_vehicle,6.889070366328074
llm_rule_small_hist_calibrated_n50,50,20265612,nonworker_other,6.2425112790742165
llm_rule_small_hist_calibrated_n50,50,20265612,urban_nonworker,7.449427367545825
llm_rule_small_hist_calibrated_n50,50,20265612,worker_vehicle_household,6.667196148223665
llm_rule_small_hist_calibrated_n50,50,20265613,carless_nonworker,9.264238478529304
llm_rule_small_hist_calibrated_n50,50,20265613,carless_worker,9.502333716624543
llm_rule_small_hist_calibrated_n50,50,20265613,large_low_vehicle,10.073762288053114
llm_rule_small_hist_calibrated_n50,50,20265613,large_multi_vehicle,10.931357023315922
llm_rule_small_hist_calibrated_n50,50,20265613,multi_worker_multi_vehicle,13.286140928964471
llm_rule_small_hist_calibrated_n50,50,20265613,nonworker_other,7.6640359857132685
llm_rule_small_hist_calibrated_n50,50,20265613,urban_nonworker,8.528083444238284
llm_rule_small_hist_calibrated_n50,50,20265613,worker_vehicle_household,7.998019924558826
llm_rule_small_hist_calibrated_n50,50,20265614,carless_nonworker,7.222682349666318
llm_rule_small_hist_calibrated_n50,50,20265614,carless_worker,7.892924436513791
llm_rule_small_hist_calibrated_n50,50,20265614,large_low_vehicle,7.654829198418553
llm_rule_small_hist_calibrated_n50,50,20265614,large_multi_vehicle,8.946193518753201
llm_rule_small_hist_calibrated_n50,50,20265614,multi_worker_multi_vehicle,9.23904978359396
llm_rule_small_hist_calibrated_n50,50,20265614,nonworker_other,7.797698886796697
llm_rule_small_hist_calibrated_n50,50,20265614,urban_nonworker,9.044192062597757
llm_rule_small_hist_calibrated_n50,50,20265614,worker_vehicle_household,6.8133717870917145
llm_rule_small_hist_calibrated_n50,50,20265615,carless_nonworker,11.25508685155922
llm_rule_small_hist_calibrated_n50,50,20265615,carless_worker,11.363181333109818
llm_rule_small_hist_calibrated_n50,50,20265615,large_multi_vehicle,13.527542716561012
llm_rule_small_hist_calibrated_n50,50,20265615,multi_worker_multi_vehicle,12.545953097845107
llm_rule_small_hist_calibrated_n50,50,20265615,nonworker_other,9.958885681735804
llm_rule_small_hist_calibrated_n50,50,20265615,urban_nonworker,10.460675689798695
llm_rule_small_hist_calibrated_n50,50,20265615,worker_vehicle_household,12.239305913812384
llm_rule_small_hist_calibrated_n50,50,20265616,carless_nonworker,7.940814472787794
llm_rule_small_hist_calibrated_n50,50,20265616,carless_worker,7.2676000622446395
llm_rule_small_hist_calibrated_n50,50,20265616,large_multi_vehicle,9.177416300342795
llm_rule_small_hist_calibrated_n50,50,20265616,multi_worker_multi_vehicle,7.1856539769236765
llm_rule_small_hist_calibrated_n50,50,20265616,nonworker_other,7.332327054345204
llm_rule_small_hist_calibrated_n50,50,20265616,urban_nonworker,6.688475526323984
llm_rule_small_hist_calibrated_n50,50,20265616,worker_vehicle_household,5.64362310712448
llm_rule_small_hist_calibrated_n50,50,20265617,carless_nonworker,10.666553465000007
llm_rule_small_hist_calibrated_n50,50,20265617,large_multi_vehicle,12.883488196472523
llm_rule_small_hist_calibrated_n50,50,20265617,multi_worker_multi_vehicle,10.543503451186004
llm_rule_small_hist_calibrated_n50,50,20265617,nonworker_other,9.089666182742155
llm_rule_small_hist_calibrated_n50,50,20265617,urban_nonworker,12.257395172725788
llm_rule_small_hist_calibrated_n50,50,20265617,worker_vehicle_household,10.928184319223933
llm_rule_small_hist_calibrated_n50,50,20265618,carless_nonworker,7.065981717431104
llm_rule_small_hist_calibrated_n50,50,20265618,carless_worker,7.161219812669199
llm_rule_small_hist_calibrated_n50,50,20265618,large_multi_vehicle,10.082871742065539
llm_rule_small_hist_calibrated_n50,50,20265618,multi_worker_multi_vehicle,7.149982581778428
llm_rule_small_hist_calibrated_n50,50,20265618,nonworker_other,5.979528525422959
llm_rule_small_hist_calibrated_n50,50,20265618,urban_nonworker,6.857045543919478
llm_rule_small_hist_calibrated_n50,50,20265618,worker_vehicle_household,7.323307748784369
llm_rule_small_hist_calibrated_n50,50,20265619,carless_nonworker,14.453617583529121
llm_rule_small_hist_calibrated_n50,50,20265619,carless_worker,13.786950916862455
llm_rule_small_hist_calibrated_n50,50,20265619,large_multi_vehicle,17.024132449972782
llm_rule_small_hist_calibrated_n50,50,20265619,multi_worker_multi_vehicle,11.204636452058079
llm_rule_small_hist_calibrated_n50,50,20265619,nonworker_other,11.446195815837319
llm_rule_small_hist_calibrated_n50,50,20265619,urban_nonworker,10.029447473474722
llm_rule_small_hist_calibrated_n50,50,20265619,worker_vehicle_household,11.77621487257136
llm_rule_small_hist_calibrated_n50,50,20265620,carless_nonworker,7.180366398410604
llm_rule_small_hist_calibrated_n50,50,20265620,large_low_vehicle,8.635785954627499
llm_rule_small_hist_calibrated_n50,50,20265620,large_multi_vehicle,8.77225306408197
llm_rule_small_hist_calibrated_n50,50,20265620,multi_worker_multi_vehicle,9.724837125606903
llm_rule_small_hist_calibrated_n50,50,20265620,nonworker_other,6.996710200358007
llm_rule_small_hist_calibrated_n50,50,20265620,urban_nonworker,7.419918735235051
llm_rule_small_hist_calibrated_n50,50,20265620,worker_vehicle_household,6.511118130503386
llm_rule_small_hist_calibrated_n50,50,20265621,carless_worker,6.004659526355956
llm_rule_small_hist_calibrated_n50,50,20265621,large_low_vehicle,6.458993184248868
llm_rule_small_hist_calibrated_n50,50,20265621,large_multi_vehicle,8.81453235228992
llm_rule_small_hist_calibrated_n50,50,20265621,multi_worker_multi_vehicle,7.110833972946284
llm_rule_small_hist_calibrated_n50,50,20265621,nonworker_other,4.660808499143006
llm_rule_small_hist_calibrated_n50,50,20265621,urban_nonworker,5.5569216666056915
llm_rule_small_hist_calibrated_n50,50,20265621,worker_vehicle_household,5.133619799751548
llm_rule_small_hist_calibrated_n50,50,20265622,carless_nonworker,8.423200566764065
llm_rule_small_hist_calibrated_n50,50,20265622,large_low_vehicle,9.566057709621207
llm_rule_small_hist_calibrated_n50,50,20265622,large_multi_vehicle,8.650449009097182
llm_rule_small_hist_calibrated_n50,50,20265622,multi_worker_multi_vehicle,11.30443734068161
llm_rule_small_hist_calibrated_n50,50,20265622,nonworker_other,7.6479710987135
llm_rule_small_hist_calibrated_n50,50,20265622,urban_nonworker,8.073711648049082
llm_rule_small_hist_calibrated_n50,50,20265622,worker_vehicle_household,8.739465962133906
llm_rule_small_hist_calibrated_n50,50,20265623,carless_nonworker,10.082178086386522
llm_rule_small_hist_calibrated_n50,50,20265623,carless_worker,9.93932094352938
llm_rule_small_hist_calibrated_n50,50,20265623,large_multi_vehicle,12.302028486640125
llm_rule_small_hist_calibrated_n50,50,20265623,multi_worker_multi_vehicle,10.034899230412503
llm_rule_small_hist_calibrated_n50,50,20265623,nonworker_other,8.4841014729609
llm_rule_small_hist_calibrated_n50,50,20265623,urban_nonworker,7.937829482773549
llm_rule_small_hist_calibrated_n50,50,20265623,worker_vehicle_household,9.643621800662054
llm_rule_small_hist_calibrated_n50,50,20265624,carless_nonworker,6.507410634777353
llm_rule_small_hist_calibrated_n50,50,20265624,large_multi_vehicle,9.065885292025467
llm_rule_small_hist_calibrated_n50,50,20265624,multi_worker_multi_vehicle,8.219669404578326
llm_rule_small_hist_calibrated_n50,50,20265624,nonworker_other,6.016544291579584
llm_rule_small_hist_calibrated_n50,50,20265624,urban_nonworker,7.068766236471209
llm_rule_small_hist_calibrated_n50,50,20265624,worker_vehicle_household,5.550903050447562
llm_rule_small_hist_calibrated_n50,50,20265625,carless_nonworker,10.315208567186865
llm_rule_small_hist_calibrated_n50,50,20265625,large_low_vehicle,11.005178087049073
llm_rule_small_hist_calibrated_n50,50,20265625,large_multi_vehicle,12.467527455219962
llm_rule_small_hist_calibrated_n50,50,20265625,multi_worker_multi_vehicle,13.060952715912208
llm_rule_small_hist_calibrated_n50,50,20265625,nonworker_other,9.450485086389888
llm_rule_small_hist_calibrated_n50,50,20265625,urban_nonworker,9.363054269465989
llm_rule_small_hist_calibrated_n50,50,20265625,worker_vehicle_household,10.9953035190875
llm_rule_small_hist_calibrated_n50,50,20265626,carless_worker,8.15804897407241
llm_rule_small_hist_calibrated_n50,50,20265626,large_low_vehicle,8.586620402643838
llm_rule_small_hist_calibrated_n50,50,20265626,large_multi_vehicle,11.146523718363314
llm_rule_small_hist_calibrated_n50,50,20265626,multi_worker_multi_vehicle,8.671518133609723
llm_rule_small_hist_calibrated_n50,50,20265626,nonworker_other,7.141349303396719
llm_rule_small_hist_calibrated_n50,50,20265626,urban_nonworker,7.335424437248383
llm_rule_small_hist_calibrated_n50,50,20265626,worker_vehicle_household,8.077217644214192
llm_rule_small_hist_calibrated_n50,50,20265627,carless_nonworker,8.079953393300958
llm_rule_small_hist_calibrated_n50,50,20265627,large_low_vehicle,8.03233434568191
llm_rule_small_hist_calibrated_n50,50,20265627,large_multi_vehicle,11.522804045123069
llm_rule_small_hist_calibrated_n50,50,20265627,multi_worker_multi_vehicle,8.090360070790567
llm_rule_small_hist_calibrated_n50,50,20265627,nonworker_other,6.472325720661514
llm_rule_small_hist_calibrated_n50,50,20265627,urban_nonworker,8.592752779777127
llm_rule_small_hist_calibrated_n50,50,20265627,worker_vehicle_household,6.063716356939749
llm_rule_small_hist_calibrated_n50,50,20265628,carless_nonworker,7.361478104623292
llm_rule_small_hist_calibrated_n50,50,20265628,carless_worker,7.797268679475589
llm_rule_small_hist_calibrated_n50,50,20265628,large_low_vehicle,8.273459155666066
llm_rule_small_hist_calibrated_n50,50,20265628,large_multi_vehicle,7.971832411532466
llm_rule_small_hist_calibrated_n50,50,20265628,multi_worker_multi_vehicle,8.481662573599424
llm_rule_small_hist_calibrated_n50,50,20265628,nonworker_other,5.957077167512241
llm_rule_small_hist_calibrated_n50,50,20265628,urban_nonworker,7.110886527179641
llm_rule_small_hist_calibrated_n50,50,20265628,worker_vehicle_household,7.520605191953379
llm_rule_small_hist_calibrated_n50,50,20265629,carless_nonworker,5.510043669248347
llm_rule_small_hist_calibrated_n50,50,20265629,carless_worker,6.196247901409889
llm_rule_small_hist_calibrated_n50,50,20265629,large_low_vehicle,6.297484795591794
llm_rule_small_hist_calibrated_n50,50,20265629,large_multi_vehicle,6.410200834393018
llm_rule_small_hist_calibrated_n50,50,20265629,multi_worker_multi_vehicle,8.808019100073444
llm_rule_small_hist_calibrated_n50,50,20265629,nonworker_other,6.3986604319495735
llm_rule_small_hist_calibrated_n50,50,20265629,urban_nonworker,6.39316513594179
llm_rule_small_hist_calibrated_n50,50,20265629,worker_vehicle_household,5.4691284395347886
llm_rule_small_hist_calibrated_n100,100,20270610,carless_nonworker,5.789211268925187
llm_rule_small_hist_calibrated_n100,100,20270610,carless_worker,6.901955735914499
llm_rule_small_hist_calibrated_n100,100,20270610,large_low_vehicle,6.991372489146641
llm_rule_small_hist_calibrated_n100,100,20270610,large_multi_vehicle,5.100889006849854
llm_rule_small_hist_calibrated_n100,100,20270610,multi_worker_multi_vehicle,8.193084511359505
llm_rule_small_hist_calibrated_n100,100,20270610,nonworker_other,7.109998412479058
llm_rule_small_hist_calibrated_n100,100,20270610,urban_nonworker,5.417912813391233
llm_rule_small_hist_calibrated_n100,100,20270610,worker_vehicle_household,6.096609498964448
llm_rule_small_hist_calibrated_n100,100,20270611,carless_nonworker,9.98352431373721
llm_rule_small_hist_calibrated_n100,100,20270611,large_multi_vehicle,15.34783666699515
llm_rule_small_hist_calibrated_n100,100,20270611,multi_worker_multi_vehicle,13.033265134361175
llm_rule_small_hist_calibrated_n100,100,20270611,nonworker_other,8.489420297302853
llm_rule_small_hist_calibrated_n100,100,20270611,urban_nonworker,9.095610751774895
llm_rule_small_hist_calibrated_n100,100,20270611,worker_vehicle_household,9.042783854689258
llm_rule_small_hist_calibrated_n100,100,20270612,carless_nonworker,11.074423164410765
llm_rule_small_hist_calibrated_n100,100,20270612,carless_worker,11.923447092184649
llm_rule_small_hist_calibrated_n100,100,20270612,large_low_vehicle,11.708040496488744
llm_rule_small_hist_calibrated_n100,100,20270612,large_multi_vehicle,18.55867024470364
llm_rule_small_hist_calibrated_n100,100,20270612,multi_worker_multi_vehicle,9.755722130272805
llm_rule_small_hist_calibrated_n100,100,20270612,nonworker_other,10.92427336985666
llm_rule_small_hist_calibrated_n100,100,20270612,urban_nonworker,9.259838165166105
llm_rule_small_hist_calibrated_n100,100,20270612,worker_vehicle_household,9.615111878216846
llm_rule_small_hist_calibrated_n100,100,20270613,carless_nonworker,6.816911939864583
llm_rule_small_hist_calibrated_n100,100,20270613,large_low_vehicle,8.055007177959821
llm_rule_small_hist_calibrated_n100,100,20270613,large_multi_vehicle,9.28687204902988
llm_rule_small_hist_calibrated_n100,100,20270613,multi_worker_multi_vehicle,7.206656237140081
llm_rule_small_hist_calibrated_n100,100,20270613,nonworker_other,6.268382391447875
llm_rule_small_hist_calibrated_n100,100,20270613,urban_nonworker,6.634326742886877
llm_rule_small_hist_calibrated_n100,100,20270613,worker_vehicle_household,6.330162526784259
llm_rule_small_hist_calibrated_n100,100,20270614,carless_nonworker,4.139054678773744
llm_rule_small_hist_calibrated_n100,100,20270614,carless_worker,4.831036812743733
llm_rule_small_hist_calibrated_n100,100,20270614,large_low_vehicle,4.394703816689386
llm_rule_small_hist_calibrated_n100,100,20270614,large_multi_vehicle,9.562219284220571
llm_rule_small_hist_calibrated_n100,100,20270614,multi_worker_multi_vehicle,5.289360196942567
llm_rule_small_hist_calibrated_n100,100,20270614,nonworker_other,4.483305744827804
llm_rule_small_hist_calibrated_n100,100,20270614,urban_nonworker,4.3201572143813545
llm_rule_small_hist_calibrated_n100,100,20270614,worker_vehicle_household,3.940207633993444
llm_rule_small_hist_calibrated_n100,100,20270615,carless_nonworker,7.490080343847104
llm_rule_small_hist_calibrated_n100,100,20270615,large_low_vehicle,9.108481009216613
llm_rule_small_hist_calibrated_n100,100,20270615,large_multi_vehicle,11.731102661249404
llm_rule_small_hist_calibrated_n100,100,20270615,multi_worker_multi_vehicle,8.827478861559605
llm_rule_small_hist_calibrated_n100,100,20270615,nonworker_other,9.166264279124475
llm_rule_small_hist_calibrated_n100,100,20270615,urban_nonworker,7.517182515205832
llm_rule_small_hist_calibrated_n100,100,20270615,worker_vehicle_household,6.736377060341068
llm_rule_small_hist_calibrated_n100,100,20270616,carless_nonworker,10.390654704426144
llm_rule_small_hist_calibrated_n100,100,20270616,carless_worker,12.063321936663858
llm_rule_small_hist_calibrated_n100,100,20270616,large_low_vehicle,13.080587753492829
llm_rule_small_hist_calibrated_n100,100,20270616,large_multi_vehicle,17.289994690657874
llm_rule_small_hist_calibrated_n100,100,20270616,multi_worker_multi_vehicle,12.575753357250104
llm_rule_small_hist_calibrated_n100,100,20270616,nonworker_other,9.336366032497311
llm_rule_small_hist_calibrated_n100,100,20270616,urban_nonworker,10.69013965452936
llm_rule_small_hist_calibrated_n100,100,20270616,worker_vehicle_household,8.537442488237682
llm_rule_small_hist_calibrated_n100,100,20270617,carless_nonworker,8.145189918260428
llm_rule_small_hist_calibrated_n100,100,20270617,carless_worker,8.243958697440206
llm_rule_small_hist_calibrated_n100,100,20270617,large_multi_vehicle,10.580648907270088
llm_rule_small_hist_calibrated_n100,100,20270617,multi_worker_multi_vehicle,11.636307702244526
llm_rule_small_hist_calibrated_n100,100,20270617,nonworker_other,7.800421608767239
llm_rule_small_hist_calibrated_n100,100,20270617,urban_nonworker,6.470006284591752
llm_rule_small_hist_calibrated_n100,100,20270617,worker_vehicle_household,9.14644079531179
llm_rule_small_hist_calibrated_n100,100,20270618,carless_nonworker,7.248557898017996
llm_rule_small_hist_calibrated_n100,100,20270618,carless_worker,8.106173661220936
llm_rule_small_hist_calibrated_n100,100,20270618,large_low_vehicle,8.82045937550665
llm_rule_small_hist_calibrated_n100,100,20270618,large_multi_vehicle,10.767872145179918
llm_rule_small_hist_calibrated_n100,100,20270618,multi_worker_multi_vehicle,8.698003407756591
llm_rule_small_hist_calibrated_n100,100,20270618,nonworker_other,6.515474388812065
llm_rule_small_hist_calibrated_n100,100,20270618,urban_nonworker,6.026782473423586
llm_rule_small_hist_calibrated_n100,100,20270618,worker_vehicle_household,7.406499683756476
llm_rule_small_hist_calibrated_n100,100,20270619,carless_nonworker,8.905916284200757
llm_rule_small_hist_calibrated_n100,100,20270619,large_low_vehicle,11.047448671170416
llm_rule_small_hist_calibrated_n100,100,20270619,large_multi_vehicle,10.682723419222974
llm_rule_small_hist_calibrated_n100,100,20270619,multi_worker_multi_vehicle,11.324868091439189
llm_rule_small_hist_calibrated_n100,100,20270619,nonworker_other,8.457888052788343
llm_rule_small_hist_calibrated_n100,100,20270619,urban_nonworker,7.52793641189905
llm_rule_small_hist_calibrated_n100,100,20270619,worker_vehicle_household,9.624716077921699
llm_rule_small_hist_calibrated_n100,100,20270620,carless_nonworker,6.695461888401517
llm_rule_small_hist_calibrated_n100,100,20270620,carless_worker,6.885938078877707
llm_rule_small_hist_calibrated_n100,100,20270620,large_low_vehicle,6.7736139513643145
llm_rule_small_hist_calibrated_n100,100,20270620,large_multi_vehicle,9.789076148264348
llm_rule_small_hist_calibrated_n100,100,20270620,multi_worker_multi_vehicle,8.100203381806029
llm_rule_small_hist_calibrated_n100,100,20270620,nonworker_other,6.125247720619566
llm_rule_small_hist_calibrated_n100,100,20270620,urban_nonworker,6.685038612438747
llm_rule_small_hist_calibrated_n100,100,20270620,worker_vehicle_household,5.6636879345940585
llm_rule_small_hist_calibrated_n100,100,20270621,carless_nonworker,10.822804023644881
llm_rule_small_hist_calibrated_n100,100,20270621,carless_worker,9.585165323401647
llm_rule_small_hist_calibrated_n100,100,20270621,large_low_vehicle,11.946257957798533
llm_rule_small_hist_calibrated_n100,100,20270621,large_multi_vehicle,14.468613802429104
llm_rule_small_hist_calibrated_n100,100,20270621,multi_worker_multi_vehicle,10.519919831312798
llm_rule_small_hist_calibrated_n100,100,20270621,nonworker_other,8.73766868611116
llm_rule_small_hist_calibrated_n100,100,20270621,urban_nonworker,9.872696239943162
llm_rule_small_hist_calibrated_n100,100,20270621,worker_vehicle_household,8.760290194635523
llm_rule_small_hist_calibrated_n100,100,20270622,carless_nonworker,10.388103253335617
llm_rule_small_hist_calibrated_n100,100,20270622,large_low_vehicle,10.79316712407556
llm_rule_small_hist_calibrated_n100,100,20270622,large_multi_vehicle,15.782099387064735
llm_rule_small_hist_calibrated_n100,100,20270622,multi_worker_multi_vehicle,10.255817185263414
llm_rule_small_hist_calibrated_n100,100,20270622,nonworker_other,9.512516497905052
llm_rule_small_hist_calibrated_n100,100,20270622,urban_nonworker,10.767868085303865
llm_rule_small_hist_calibrated_n100,100,20270622,worker_vehicle_household,10.313398047040522
llm_rule_small_hist_calibrated_n100,100,20270623,carless_nonworker,7.866083083681653
llm_rule_small_hist_calibrated_n100,100,20270623,carless_worker,7.864555533862983
llm_rule_small_hist_calibrated_n100,100,20270623,large_low_vehicle,8.168375571845187
llm_rule_small_hist_calibrated_n100,100,20270623,large_multi_vehicle,9.316870370519274
llm_rule_small_hist_calibrated_n100,100,20270623,multi_worker_multi_vehicle,9.272140710737874
llm_rule_small_hist_calibrated_n100,100,20270623,nonworker_other,6.385949070033119
llm_rule_small_hist_calibrated_n100,100,20270623,urban_nonworker,7.072853113065387
llm_rule_small_hist_calibrated_n100,100,20270623,worker_vehicle_household,6.223411662703742
llm_rule_small_hist_calibrated_n100,100,20270624,carless_nonworker,6.683730785052352
llm_rule_small_hist_calibrated_n100,100,20270624,carless_worker,7.204484415252213
llm_rule_small_hist_calibrated_n100,100,20270624,large_low_vehicle,7.494022096021262
llm_rule_small_hist_calibrated_n100,100,20270624,large_multi_vehicle,9.093603829587657
llm_rule_small_hist_calibrated_n100,100,20270624,multi_worker_multi_vehicle,7.49745687117578
llm_rule_small_hist_calibrated_n100,100,20270624,nonworker_other,8.033724978927923
llm_rule_small_hist_calibrated_n100,100,20270624,urban_nonworker,6.672804235802361
llm_rule_small_hist_calibrated_n100,100,20270624,worker_vehicle_household,8.312628313671837
llm_rule_small_hist_calibrated_n100,100,20270625,carless_nonworker,7.861698773411673
llm_rule_small_hist_calibrated_n100,100,20270625,carless_worker,8.743260509951709
llm_rule_small_hist_calibrated_n100,100,20270625,large_low_vehicle,8.983985211976156
llm_rule_small_hist_calibrated_n100,100,20270625,large_multi_vehicle,16.775136859608573
llm_rule_small_hist_calibrated_n100,100,20270625,multi_worker_multi_vehicle,7.445614917432394
llm_rule_small_hist_calibrated_n100,100,20270625,nonworker_other,9.72959365936697
llm_rule_small_hist_calibrated_n100,100,20270625,urban_nonworker,6.798178899157656
llm_rule_small_hist_calibrated_n100,100,20270625,worker_vehicle_household,5.978702775685575
llm_rule_small_hist_calibrated_n100,100,20270626,carless_nonworker,5.2603824594744975
llm_rule_small_hist_calibrated_n100,100,20270626,carless_worker,6.476978137609117
llm_rule_small_hist_calibrated_n100,100,20270626,large_low_vehicle,7.048406709037688
llm_rule_small_hist_calibrated_n100,100,20270626,large_multi_vehicle,7.616125710926319
llm_rule_small_hist_calibrated_n100,100,20270626,multi_worker_multi_vehicle,6.0406188084412
llm_rule_small_hist_calibrated_n100,100,20270626,nonworker_other,6.035587035639301
llm_rule_small_hist_calibrated_n100,100,20270626,urban_nonworker,6.765672761286985
llm_rule_small_hist_calibrated_n100,100,20270626,worker_vehicle_household,7.173701352038824
llm_rule_small_hist_calibrated_n100,100,20270627,carless_nonworker,5.7357100576615165
llm_rule_small_hist_calibrated_n100,100,20270627,carless_worker,6.243180724212432
llm_rule_small_hist_calibrated_n100,100,20270627,large_multi_vehicle,7.916057250657813
llm_rule_small_hist_calibrated_n100,100,20270627,multi_worker_multi_vehicle,7.646552366780126
llm_rule_small_hist_calibrated_n100,100,20270627,nonworker_other,5.526937910311433
llm_rule_small_hist_calibrated_n100,100,20270627,urban_nonworker,6.08107901696772
llm_rule_small_hist_calibrated_n100,100,20270627,worker_vehicle_household,5.4465890399296155
llm_rule_small_hist_calibrated_n100,100,20270628,carless_nonworker,5.984182124784461
llm_rule_small_hist_calibrated_n100,100,20270628,large_multi_vehicle,10.718842999165492
llm_rule_small_hist_calibrated_n100,100,20270628,multi_worker_multi_vehicle,9.068067609882943
llm_rule_small_hist_calibrated_n100,100,20270628,nonworker_other,7.564554315444342
llm_rule_small_hist_calibrated_n100,100,20270628,urban_nonworker,6.677120543746653
llm_rule_small_hist_calibrated_n100,100,20270628,worker_vehicle_household,6.898525625999541
llm_rule_small_hist_calibrated_n100,100,20270629,carless_nonworker,7.719390608349966
llm_rule_small_hist_calibrated_n100,100,20270629,carless_worker,7.719390608349966
llm_rule_small_hist_calibrated_n100,100,20270629,large_low_vehicle,7.8096443412395065
llm_rule_small_hist_calibrated_n100,100,20270629,large_multi_vehicle,12.14206064672761
llm_rule_small_hist_calibrated_n100,100,20270629,multi_worker_multi_vehicle,7.678925226293949
llm_rule_small_hist_calibrated_n100,100,20270629,nonworker_other,5.7352077392182315
llm_rule_small_hist_calibrated_n100,100,20270629,urban_nonworker,6.1430610732261
llm_rule_small_hist_calibrated_n100,100,20270629,worker_vehicle_household,7.263754324326038
llm_rule_small_hist_calibrated_n250,250,20285610,carless_nonworker,7.533382983573168
llm_rule_small_hist_calibrated_n250,250,20285610,carless_worker,7.8036660834141
llm_rule_small_hist_calibrated_n250,250,20285610,large_low_vehicle,8.278417234844973
llm_rule_small_hist_calibrated_n250,250,20285610,large_multi_vehicle,12.141251383196645
llm_rule_small_hist_calibrated_n250,250,20285610,multi_worker_multi_vehicle,9.036839666124989
llm_rule_small_hist_calibrated_n250,250,20285610,nonworker_other,6.117686356038462
llm_rule_small_hist_calibrated_n250,250,20285610,urban_nonworker,5.238725794290148
llm_rule_small_hist_calibrated_n250,250,20285610,worker_vehicle_household,7.157587763331104
llm_rule_small_hist_calibrated_n250,250,20285611,carless_nonworker,7.873311956489222
llm_rule_small_hist_calibrated_n250,250,20285611,carless_worker,7.866540557650846
llm_rule_small_hist_calibrated_n250,250,20285611,large_low_vehicle,7.734765018559664
llm_rule_small_hist_calibrated_n250,250,20285611,large_multi_vehicle,15.132963840928612
llm_rule_small_hist_calibrated_n250,250,20285611,multi_worker_multi_vehicle,9.567805833321355
llm_rule_small_hist_calibrated_n250,250,20285611,nonworker_other,7.050948665166612
llm_rule_small_hist_calibrated_n250,250,20285611,urban_nonworker,5.021387329332221
llm_rule_small_hist_calibrated_n250,250,20285611,worker_vehicle_household,6.5502567044010656
llm_rule_small_hist_calibrated_n250,250,20285612,carless_nonworker,7.124684367317987
llm_rule_small_hist_calibrated_n250,250,20285612,carless_worker,8.5355246306869
llm_rule_small_hist_calibrated_n250,250,20285612,large_low_vehicle,9.424462522422608
llm_rule_small_hist_calibrated_n250,250,20285612,large_multi_vehicle,13.857436440245868
llm_rule_small_hist_calibrated_n250,250,20285612,multi_worker_multi_vehicle,10.547584181659031
llm_rule_small_hist_calibrated_n250,250,20285612,nonworker_other,5.7770708196617955
llm_rule_small_hist_calibrated_n250,250,20285612,urban_nonworker,5.98368639164921
llm_rule_small_hist_calibrated_n250,250,20285612,worker_vehicle_household,7.0464424479595005
llm_rule_small_hist_calibrated_n250,250,20285613,carless_nonworker,7.395780584824195
llm_rule_small_hist_calibrated_n250,250,20285613,carless_worker,7.896402805351085
llm_rule_small_hist_calibrated_n250,250,20285613,large_low_vehicle,9.463507934542495
llm_rule_small_hist_calibrated_n250,250,20285613,large_multi_vehicle,16.049859704144758
llm_rule_small_hist_calibrated_n250,250,20285613,multi_worker_multi_vehicle,8.738568142731044
llm_rule_small_hist_calibrated_n250,250,20285613,nonworker_other,7.022497897014414
llm_rule_small_hist_calibrated_n250,250,20285613,urban_nonworker,5.493794320487517
llm_rule_small_hist_calibrated_n250,250,20285613,worker_vehicle_household,7.215669764866018
llm_rule_small_hist_calibrated_n250,250,20285614,carless_nonworker,5.612386676890544
llm_rule_small_hist_calibrated_n250,250,20285614,carless_worker,7.33543892740703
llm_rule_small_hist_calibrated_n250,250,20285614,large_low_vehicle,10.095106505238219
llm_rule_small_hist_calibrated_n250,250,20285614,large_multi_vehicle,9.729195166049049
llm_rule_small_hist_calibrated_n250,250,20285614,multi_worker_multi_vehicle,8.769319212978465
llm_rule_small_hist_calibrated_n250,250,20285614,nonworker_other,5.581716824103152
llm_rule_small_hist_calibrated_n250,250,20285614,urban_nonworker,5.18031051401137
llm_rule_small_hist_calibrated_n250,250,20285614,worker_vehicle_household,5.562897589809393
llm_rule_small_hist_calibrated_n250,250,20285615,carless_nonworker,5.472254123030407
llm_rule_small_hist_calibrated_n250,250,20285615,carless_worker,6.665753441768889
llm_rule_small_hist_calibrated_n250,250,20285615,large_low_vehicle,7.748067552509623
llm_rule_small_hist_calibrated_n250,250,20285615,large_multi_vehicle,9.992806341167846
llm_rule_small_hist_calibrated_n250,250,20285615,multi_worker_multi_vehicle,8.306334721217032
llm_rule_small_hist_calibrated_n250,250,20285615,nonworker_other,7.12348513647405
llm_rule_small_hist_calibrated_n250,250,20285615,urban_nonworker,6.191211065291887
llm_rule_small_hist_calibrated_n250,250,20285615,worker_vehicle_household,7.606858796429678
llm_rule_small_hist_calibrated_n250,250,20285616,carless_nonworker,6.663917111541039
llm_rule_small_hist_calibrated_n250,250,20285616,carless_worker,9.012605892967114
llm_rule_small_hist_calibrated_n250,250,20285616,large_low_vehicle,8.938995989908614
llm_rule_small_hist_calibrated_n250,250,20285616,large_multi_vehicle,12.452269159549008
llm_rule_small_hist_calibrated_n250,250,20285616,multi_worker_multi_vehicle,7.621552885152915
llm_rule_small_hist_calibrated_n250,250,20285616,nonworker_other,5.848177759877364
llm_rule_small_hist_calibrated_n250,250,20285616,urban_nonworker,6.131208021640066
llm_rule_small_hist_calibrated_n250,250,20285616,worker_vehicle_household,6.428284821162304
llm_rule_small_hist_calibrated_n250,250,20285617,carless_nonworker,9.686201130223743
llm_rule_small_hist_calibrated_n250,250,20285617,carless_worker,10.568499103249888
llm_rule_small_hist_calibrated_n250,250,20285617,large_low_vehicle,11.687913197686143
llm_rule_small_hist_calibrated_n250,250,20285617,large_multi_vehicle,16.244511178235182
llm_rule_small_hist_calibrated_n250,250,20285617,multi_worker_multi_vehicle,11.362299342328344
llm_rule_small_hist_calibrated_n250,250,20285617,nonworker_other,5.533945795639288
llm_rule_small_hist_calibrated_n250,250,20285617,urban_nonworker,6.699487364989626
llm_rule_small_hist_calibrated_n250,250,20285617,worker_vehicle_household,7.909717064831757
llm_rule_small_hist_calibrated_n250,250,20285618,carless_nonworker,7.392280247201815
llm_rule_small_hist_calibrated_n250,250,20285618,carless_worker,8.641104433196622
llm_rule_small_hist_calibrated_n250,250,20285618,large_low_vehicle,8.476445816749672
llm_rule_small_hist_calibrated_n250,250,20285618,large_multi_vehicle,15.792759054413564
llm_rule_small_hist_calibrated_n250,250,20285618,multi_worker_multi_vehicle,7.694965810387325
llm_rule_small_hist_calibrated_n250,250,20285618,nonworker_other,6.688048009537381
llm_rule_small_hist_calibrated_n250,250,20285618,urban_nonworker,4.640396050715192
llm_rule_small_hist_calibrated_n250,250,20285618,worker_vehicle_household,7.77389209799682
llm_rule_small_hist_calibrated_n250,250,20285619,carless_nonworker,6.449023540265516
llm_rule_small_hist_calibrated_n250,250,20285619,carless_worker,8.00099300226344
llm_rule_small_hist_calibrated_n250,250,20285619,large_low_vehicle,8.677081448937205
llm_rule_small_hist_calibrated_n250,250,20285619,large_multi_vehicle,13.252771455703396
llm_rule_small_hist_calibrated_n250,250,20285619,multi_worker_multi_vehicle,10.284177975793503
llm_rule_small_hist_calibrated_n250,250,20285619,nonworker_other,5.6073427267795335
llm_rule_small_hist_calibrated_n250,250,20285619,urban_nonworker,6.236832232113978
llm_rule_small_hist_calibrated_n250,250,20285619,worker_vehicle_household,6.336382395125091
llm_rule_small_hist_calibrated_n250,250,20285620,carless_nonworker,5.494689192087862
llm_rule_small_hist_calibrated_n250,250,20285620,carless_worker,7.167693281777482
llm_rule_small_hist_calibrated_n250,250,20285620,large_low_vehicle,6.733948966552165
llm_rule_small_hist_calibrated_n250,250,20285620,large_multi_vehicle,12.119912438275108
llm_rule_small_hist_calibrated_n250,250,20285620,multi_worker_multi_vehicle,8.827043880708231
llm_rule_small_hist_calibrated_n250,250,20285620,nonworker_other,6.191613360427599
llm_rule_small_hist_calibrated_n250,250,20285620,urban_nonworker,6.187161256749187
llm_rule_small_hist_calibrated_n250,250,20285620,worker_vehicle_household,5.4169420392087275
llm_rule_small_hist_calibrated_n250,250,20285621,carless_nonworker,6.445418140660962
llm_rule_small_hist_calibrated_n250,250,20285621,carless_worker,8.85356821193577
llm_rule_small_hist_calibrated_n250,250,20285621,large_low_vehicle,15.165889662949608
llm_rule_small_hist_calibrated_n250,250,20285621,large_multi_vehicle,11.328327627782883
llm_rule_small_hist_calibrated_n250,250,20285621,multi_worker_multi_vehicle,9.255969473091984
llm_rule_small_hist_calibrated_n250,250,20285621,nonworker_other,6.83586350479844
llm_rule_small_hist_calibrated_n250,250,20285621,urban_nonworker,6.176667940091763
llm_rule_small_hist_calibrated_n250,250,20285621,worker_vehicle_household,6.872738807567959
llm_rule_small_hist_calibrated_n250,250,20285622,carless_nonworker,9.2821328163785
llm_rule_small_hist_calibrated_n250,250,20285622,carless_worker,10.330482777614666
llm_rule_small_hist_calibrated_n250,250,20285622,large_low_vehicle,12.590590659183608
llm_rule_small_hist_calibrated_n250,250,20285622,large_multi_vehicle,18.484920106071232
llm_rule_small_hist_calibrated_n250,250,20285622,multi_worker_multi_vehicle,10.417570759210669
llm_rule_small_hist_calibrated_n250,250,20285622,nonworker_other,6.187899853605191
llm_rule_small_hist_calibrated_n250,250,20285622,urban_nonworker,8.697176175849588
llm_rule_small_hist_calibrated_n250,250,20285622,worker_vehicle_household,6.161743646931196
llm_rule_small_hist_calibrated_n250,250,20285623,carless_nonworker,6.081996194012381
llm_rule_small_hist_calibrated_n250,250,20285623,carless_worker,6.331319203820865
llm_rule_small_hist_calibrated_n250,250,20285623,large_low_vehicle,10.169708313705561
llm_rule_small_hist_calibrated_n250,250,20285623,large_multi_vehicle,12.122223527247748
llm_rule_small_hist_calibrated_n250,250,20285623,multi_worker_multi_vehicle,8.478304926876117
llm_rule_small_hist_calibrated_n250,250,20285623,nonworker_other,6.41926058345104
llm_rule_small_hist_calibrated_n250,250,20285623,urban_nonworker,4.582446148105619
llm_rule_small_hist_calibrated_n250,250,20285623,worker_vehicle_household,5.710234521252283
llm_rule_small_hist_calibrated_n250,250,20285624,carless_nonworker,7.994382667309694
llm_rule_small_hist_calibrated_n250,250,20285624,carless_worker,8.952134707128634
llm_rule_small_hist_calibrated_n250,250,20285624,large_low_vehicle,9.923214991371381
llm_rule_small_hist_calibrated_n250,250,20285624,large_multi_vehicle,13.114598412986439
llm_rule_small_hist_calibrated_n250,250,20285624,multi_worker_multi_vehicle,9.663372312015863
llm_rule_small_hist_calibrated_n250,250,20285624,nonworker_other,6.435907114428488
llm_rule_small_hist_calibrated_n250,250,20285624,urban_nonworker,5.9171200595164155
llm_rule_small_hist_calibrated_n250,250,20285624,worker_vehicle_household,8.533655519594248
llm_rule_small_hist_calibrated_n250,250,20285625,carless_nonworker,5.123500842155748
llm_rule_small_hist_calibrated_n250,250,20285625,carless_worker,6.657279524516545
llm_rule_small_hist_calibrated_n250,250,20285625,large_low_vehicle,7.5432068205248575
llm_rule_small_hist_calibrated_n250,250,20285625,large_multi_vehicle,10.074012059422282
llm_rule_small_hist_calibrated_n250,250,20285625,multi_worker_multi_vehicle,6.462555739343019
llm_rule_small_hist_calibrated_n250,250,20285625,nonworker_other,7.00240935119484
llm_rule_small_hist_calibrated_n250,250,20285625,urban_nonworker,5.620126007323855
llm_rule_small_hist_calibrated_n250,250,20285625,worker_vehicle_household,5.449280358597001
llm_rule_small_hist_calibrated_n250,250,20285626,carless_nonworker,5.965075462797471
llm_rule_small_hist_calibrated_n250,250,20285626,carless_worker,7.645413590962423
llm_rule_small_hist_calibrated_n250,250,20285626,large_low_vehicle,7.700706406673198
llm_rule_small_hist_calibrated_n250,250,20285626,large_multi_vehicle,13.798074456945466
llm_rule_small_hist_calibrated_n250,250,20285626,multi_worker_multi_vehicle,7.542586468799513
llm_rule_small_hist_calibrated_n250,250,20285626,nonworker_other,5.624994881012602
llm_rule_small_hist_calibrated_n250,250,20285626,urban_nonworker,4.6338673443812715
llm_rule_small_hist_calibrated_n250,250,20285626,worker_vehicle_household,5.988882844679173
llm_rule_small_hist_calibrated_n250,250,20285627,carless_nonworker,6.029412827893066
llm_rule_small_hist_calibrated_n250,250,20285627,carless_worker,8.321424027429337
llm_rule_small_hist_calibrated_n250,250,20285627,large_low_vehicle,9.726654071418896
llm_rule_small_hist_calibrated_n250,250,20285627,large_multi_vehicle,15.969738410828242
llm_rule_small_hist_calibrated_n250,250,20285627,multi_worker_multi_vehicle,9.720717643542752
llm_rule_small_hist_calibrated_n250,250,20285627,nonworker_other,7.351903868890464
llm_rule_small_hist_calibrated_n250,250,20285627,urban_nonworker,5.662239706184506
llm_rule_small_hist_calibrated_n250,250,20285627,worker_vehicle_household,6.499500973817813
llm_rule_small_hist_calibrated_n250,250,20285628,carless_nonworker,7.201614290451209
llm_rule_small_hist_calibrated_n250,250,20285628,carless_worker,7.6295855717325445
llm_rule_small_hist_calibrated_n250,250,20285628,large_low_vehicle,8.154700010525353
llm_rule_small_hist_calibrated_n250,250,20285628,large_multi_vehicle,10.887658637476427
llm_rule_small_hist_calibrated_n250,250,20285628,multi_worker_multi_vehicle,8.451390212400046
llm_rule_small_hist_calibrated_n250,250,20285628,nonworker_other,7.453825879048823
llm_rule_small_hist_calibrated_n250,250,20285628,urban_nonworker,6.659157018124727
llm_rule_small_hist_calibrated_n250,250,20285628,worker_vehicle_household,8.39908700609953
llm_rule_small_hist_calibrated_n250,250,20285629,carless_nonworker,6.130172029536405
llm_rule_small_hist_calibrated_n250,250,20285629,carless_worker,6.851584034038921
llm_rule_small_hist_calibrated_n250,250,20285629,large_low_vehicle,6.751572067679398
llm_rule_small_hist_calibrated_n250,250,20285629,large_multi_vehicle,9.83916569983154
llm_rule_small_hist_calibrated_n250,250,20285629,multi_worker_multi_vehicle,8.224774655056574
llm_rule_small_hist_calibrated_n250,250,20285629,nonworker_other,5.245640173189145
llm_rule_small_hist_calibrated_n250,250,20285629,urban_nonworker,5.51998529939455
llm_rule_small_hist_calibrated_n250,250,20285629,worker_vehicle_household,6.846416951520798
llm_rule_small_hist_calibrated_n500,500,20310610,carless_nonworker,5.754402174978578
llm_rule_small_hist_calibrated_n500,500,20310610,carless_worker,6.523519667548269
llm_rule_small_hist_calibrated_n500,500,20310610,large_low_vehicle,8.582244933662626
llm_rule_small_hist_calibrated_n500,500,20310610,large_multi_vehicle,12.469733062810652
llm_rule_small_hist_calibrated_n500,500,20310610,multi_worker_multi_vehicle,8.722892595001769
llm_rule_small_hist_calibrated_n500,500,20310610,nonworker_other,4.941958859618859
llm_rule_small_hist_calibrated_n500,500,20310610,urban_nonworker,5.3342819490582585
llm_rule_small_hist_calibrated_n500,500,20310610,worker_vehicle_household,6.716992794783673
llm_rule_small_hist_calibrated_n500,500,20310611,carless_nonworker,5.66998010046876
llm_rule_small_hist_calibrated_n500,500,20310611,carless_worker,6.691157401403976
llm_rule_small_hist_calibrated_n500,500,20310611,large_low_vehicle,10.696513075818318
llm_rule_small_hist_calibrated_n500,500,20310611,large_multi_vehicle,16.390489093099408
llm_rule_small_hist_calibrated_n500,500,20310611,multi_worker_multi_vehicle,9.483501735842019
llm_rule_small_hist_calibrated_n500,500,20310611,nonworker_other,5.812390425926581
llm_rule_small_hist_calibrated_n500,500,20310611,urban_nonworker,4.871767837422226
llm_rule_small_hist_calibrated_n500,500,20310611,worker_vehicle_household,7.934323160537598
llm_rule_small_hist_calibrated_n500,500,20310612,carless_nonworker,6.724931753067283
llm_rule_small_hist_calibrated_n500,500,20310612,carless_worker,6.731982944691279
llm_rule_small_hist_calibrated_n500,500,20310612,large_low_vehicle,8.247955352297675
llm_rule_small_hist_calibrated_n500,500,20310612,large_multi_vehicle,12.87852334302123
llm_rule_small_hist_calibrated_n500,500,20310612,multi_worker_multi_vehicle,8.354666340125315
llm_rule_small_hist_calibrated_n500,500,20310612,nonworker_other,6.981047664025288
llm_rule_small_hist_calibrated_n500,500,20310612,urban_nonworker,6.835761634292409
llm_rule_small_hist_calibrated_n500,500,20310612,worker_vehicle_household,6.33305397996225
llm_rule_small_hist_calibrated_n500,500,20310613,carless_nonworker,4.254528962868064
llm_rule_small_hist_calibrated_n500,500,20310613,carless_worker,7.581427075882582
llm_rule_small_hist_calibrated_n500,500,20310613,large_low_vehicle,9.739051992108845
llm_rule_small_hist_calibrated_n500,500,20310613,large_multi_vehicle,11.290110495914178
llm_rule_small_hist_calibrated_n500,500,20310613,multi_worker_multi_vehicle,9.418169018539764
llm_rule_small_hist_calibrated_n500,500,20310613,nonworker_other,5.9500113213326715
llm_rule_small_hist_calibrated_n500,500,20310613,urban_nonworker,4.789142131740356
llm_rule_small_hist_calibrated_n500,500,20310613,worker_vehicle_household,7.404386046289041
llm_rule_small_hist_calibrated_n500,500,20310614,carless_nonworker,5.300019585115405
llm_rule_small_hist_calibrated_n500,500,20310614,carless_worker,8.471731291676782
llm_rule_small_hist_calibrated_n500,500,20310614,large_low_vehicle,12.009225736258553
llm_rule_small_hist_calibrated_n500,500,20310614,large_multi_vehicle,10.833000640733179
llm_rule_small_hist_calibrated_n500,500,20310614,multi_worker_multi_vehicle,8.060840920061102
llm_rule_small_hist_calibrated_n500,500,20310614,nonworker_other,6.090945357271391
llm_rule_small_hist_calibrated_n500,500,20310614,urban_nonworker,6.604463984282731
llm_rule_small_hist_calibrated_n500,500,20310614,worker_vehicle_household,7.394231692369301
llm_rule_small_hist_calibrated_n500,500,20310615,carless_nonworker,5.671557492551425
llm_rule_small_hist_calibrated_n500,500,20310615,carless_worker,7.259888448724825
llm_rule_small_hist_calibrated_n500,500,20310615,large_low_vehicle,9.045352311730017
llm_rule_small_hist_calibrated_n500,500,20310615,large_multi_vehicle,12.56199856686458
llm_rule_small_hist_calibrated_n500,500,20310615,multi_worker_multi_vehicle,7.779162931457333
llm_rule_small_hist_calibrated_n500,500,20310615,nonworker_other,5.604333591355227
llm_rule_small_hist_calibrated_n500,500,20310615,urban_nonworker,5.211198684810828
llm_rule_small_hist_calibrated_n500,500,20310615,worker_vehicle_household,6.9295604981314
llm_rule_small_hist_calibrated_n500,500,20310616,carless_nonworker,5.299327049036358
llm_rule_small_hist_calibrated_n500,500,20310616,carless_worker,7.413909067159508
llm_rule_small_hist_calibrated_n500,500,20310616,large_low_vehicle,12.832639668790435
llm_rule_small_hist_calibrated_n500,500,20310616,large_multi_vehicle,14.988612720077395
llm_rule_small_hist_calibrated_n500,500,20310616,multi_worker_multi_vehicle,7.991102955196332
llm_rule_small_hist_calibrated_n500,500,20310616,nonworker_other,4.805129680530515
llm_rule_small_hist_calibrated_n500,500,20310616,urban_nonworker,5.792129166474814
llm_rule_small_hist_calibrated_n500,500,20310616,worker_vehicle_household,6.211956376610242
llm_rule_small_hist_calibrated_n500,500,20310617,carless_nonworker,5.587299169092338
llm_rule_small_hist_calibrated_n500,500,20310617,carless_worker,8.192613145543413
llm_rule_small_hist_calibrated_n500,500,20310617,large_low_vehicle,8.267393174136965
llm_rule_small_hist_calibrated_n500,500,20310617,large_multi_vehicle,13.137782827394773
llm_rule_small_hist_calibrated_n500,500,20310617,multi_worker_multi_vehicle,9.885924044659742
llm_rule_small_hist_calibrated_n500,500,20310617,nonworker_other,4.94702939556121
llm_rule_small_hist_calibrated_n500,500,20310617,urban_nonworker,4.562017306209121
llm_rule_small_hist_calibrated_n500,500,20310617,worker_vehicle_household,5.954444804051205
llm_rule_small_hist_calibrated_n500,500,20310618,carless_nonworker,6.020568649061991
llm_rule_small_hist_calibrated_n500,500,20310618,carless_worker,7.299109776199053
llm_rule_small_hist_calibrated_n500,500,20310618,large_low_vehicle,10.095058007614512
llm_rule_small_hist_calibrated_n500,500,20310618,large_multi_vehicle,11.021760954063643
llm_rule_small_hist_calibrated_n500,500,20310618,multi_worker_multi_vehicle,7.941345595713856
llm_rule_small_hist_calibrated_n500,500,20310618,nonworker_other,6.394315605681246
llm_rule_small_hist_calibrated_n500,500,20310618,urban_nonworker,5.991235194777348
llm_rule_small_hist_calibrated_n500,500,20310618,worker_vehicle_household,8.349388824567091
llm_rule_small_hist_calibrated_n500,500,20310619,carless_nonworker,5.726022782183781
llm_rule_small_hist_calibrated_n500,500,20310619,carless_worker,6.424923158277763
llm_rule_small_hist_calibrated_n500,500,20310619,large_low_vehicle,9.024197593974044
llm_rule_small_hist_calibrated_n500,500,20310619,large_multi_vehicle,14.579230925602259
llm_rule_small_hist_calibrated_n500,500,20310619,multi_worker_multi_vehicle,8.399789087533167
llm_rule_small_hist_calibrated_n500,500,20310619,nonworker_other,5.37729117266346
llm_rule_small_hist_calibrated_n500,500,20310619,urban_nonworker,6.730581434033091
llm_rule_small_hist_calibrated_n500,500,20310619,worker_vehicle_household,6.11330358453181
llm_rule_small_hist_calibrated_n500,500,20310620,carless_nonworker,5.180187361804853
llm_rule_small_hist_calibrated_n500,500,20310620,carless_worker,7.517031441610392
llm_rule_small_hist_calibrated_n500,500,20310620,large_low_vehicle,10.098842661845975
llm_rule_small_hist_calibrated_n500,500,20310620,large_multi_vehicle,13.163359565313577
llm_rule_small_hist_calibrated_n500,500,20310620,multi_worker_multi_vehicle,9.466492461480176
llm_rule_small_hist_calibrated_n500,500,20310620,nonworker_other,5.7936834168610565
llm_rule_small_hist_calibrated_n500,500,20310620,urban_nonworker,5.71007883975192
llm_rule_small_hist_calibrated_n500,500,20310620,worker_vehicle_household,7.596623129219848
llm_rule_small_hist_calibrated_n500,500,20310621,carless_nonworker,4.550708776961882
llm_rule_small_hist_calibrated_n500,500,20310621,carless_worker,7.655803290821978
llm_rule_small_hist_calibrated_n500,500,20310621,large_low_vehicle,7.588558653807447
llm_rule_small_hist_calibrated_n500,500,20310621,large_multi_vehicle,10.155393067745779
llm_rule_small_hist_calibrated_n500,500,20310621,multi_worker_multi_vehicle,8.579136863580024
llm_rule_small_hist_calibrated_n500,500,20310621,nonworker_other,5.6977921744063575
llm_rule_small_hist_calibrated_n500,500,20310621,urban_nonworker,6.782828930170302
llm_rule_small_hist_calibrated_n500,500,20310621,worker_vehicle_household,6.890352939274012
llm_rule_small_hist_calibrated_n500,500,20310622,carless_nonworker,5.0647388846071095
llm_rule_small_hist_calibrated_n500,500,20310622,carless_worker,6.630857451594881
llm_rule_small_hist_calibrated_n500,500,20310622,large_low_vehicle,8.744196374114427
llm_rule_small_hist_calibrated_n500,500,20310622,large_multi_vehicle,14.096242671297407
llm_rule_small_hist_calibrated_n500,500,20310622,multi_worker_multi_vehicle,9.22696300113003
llm_rule_small_hist_calibrated_n500,500,20310622,nonworker_other,6.821314967831843
llm_rule_small_hist_calibrated_n500,500,20310622,urban_nonworker,4.741227055919353
llm_rule_small_hist_calibrated_n500,500,20310622,worker_vehicle_household,7.859587356774484
llm_rule_small_hist_calibrated_n500,500,20310623,carless_nonworker,6.246012838129186
llm_rule_small_hist_calibrated_n500,500,20310623,carless_worker,7.212195455948511
llm_rule_small_hist_calibrated_n500,500,20310623,large_low_vehicle,7.57093212238802
llm_rule_small_hist_calibrated_n500,500,20310623,large_multi_vehicle,13.735657903480044
llm_rule_small_hist_calibrated_n500,500,20310623,multi_worker_multi_vehicle,7.929735866927477
llm_rule_small_hist_calibrated_n500,500,20310623,nonworker_other,5.664170446642746
llm_rule_small_hist_calibrated_n500,500,20310623,urban_nonworker,5.134637217450576
llm_rule_small_hist_calibrated_n500,500,20310623,worker_vehicle_household,5.927410928664106
llm_rule_small_hist_calibrated_n500,500,20310624,carless_nonworker,5.3108427088515135
llm_rule_small_hist_calibrated_n500,500,20310624,carless_worker,6.277409371022744
llm_rule_small_hist_calibrated_n500,500,20310624,large_low_vehicle,9.01112516041206
llm_rule_small_hist_calibrated_n500,500,20310624,large_multi_vehicle,12.197039768244908
llm_rule_small_hist_calibrated_n500,500,20310624,multi_worker_multi_vehicle,9.44545076929314
llm_rule_small_hist_calibrated_n500,500,20310624,nonworker_other,6.2401293074425634
llm_rule_small_hist_calibrated_n500,500,20310624,urban_nonworker,5.387416928629571
llm_rule_small_hist_calibrated_n500,500,20310624,worker_vehicle_household,7.035826704662946
llm_rule_small_hist_calibrated_n500,500,20310625,carless_nonworker,4.352582640700723
llm_rule_small_hist_calibrated_n500,500,20310625,carless_worker,5.980289752159914
llm_rule_small_hist_calibrated_n500,500,20310625,large_low_vehicle,8.487180921950074
llm_rule_small_hist_calibrated_n500,500,20310625,large_multi_vehicle,13.257621738013045
llm_rule_small_hist_calibrated_n500,500,20310625,multi_worker_multi_vehicle,8.713015187892413
llm_rule_small_hist_calibrated_n500,500,20310625,nonworker_other,4.410610649818211
llm_rule_small_hist_calibrated_n500,500,20310625,urban_nonworker,4.048906001427717
llm_rule_small_hist_calibrated_n500,500,20310625,worker_vehicle_household,4.820484292214852
llm_rule_small_hist_calibrated_n500,500,20310626,carless_nonworker,5.686976384486557
llm_rule_small_hist_calibrated_n500,500,20310626,carless_worker,5.841292101124822
llm_rule_small_hist_calibrated_n500,500,20310626,large_low_vehicle,8.282327739532235
llm_rule_small_hist_calibrated_n500,500,20310626,large_multi_vehicle,10.717865519039792
llm_rule_small_hist_calibrated_n500,500,20310626,multi_worker_multi_vehicle,9.803888171345182
llm_rule_small_hist_calibrated_n500,500,20310626,nonworker_other,5.311534233302509
llm_rule_small_hist_calibrated_n500,500,20310626,urban_nonworker,5.674099615887256
llm_rule_small_hist_calibrated_n500,500,20310626,worker_vehicle_household,5.38087974887649
llm_rule_small_hist_calibrated_n500,500,20310627,carless_nonworker,7.056534190559889
llm_rule_small_hist_calibrated_n500,500,20310627,carless_worker,5.772073493018988
llm_rule_small_hist_calibrated_n500,500,20310627,large_low_vehicle,8.04231493257587
llm_rule_small_hist_calibrated_n500,500,20310627,large_multi_vehicle,11.795487421804708
llm_rule_small_hist_calibrated_n500,500,20310627,multi_worker_multi_vehicle,10.651303674860657
llm_rule_small_hist_calibrated_n500,500,20310627,nonworker_other,5.094771386944492
llm_rule_small_hist_calibrated_n500,500,20310627,urban_nonworker,3.911904494735106
llm_rule_small_hist_calibrated_n500,500,20310627,worker_vehicle_household,5.7031392130312035
llm_rule_small_hist_calibrated_n500,500,20310628,carless_nonworker,6.447061309908474
llm_rule_small_hist_calibrated_n500,500,20310628,carless_worker,8.81870285057466
llm_rule_small_hist_calibrated_n500,500,20310628,large_low_vehicle,9.272837792137556
llm_rule_small_hist_calibrated_n500,500,20310628,large_multi_vehicle,13.133641831476316
llm_rule_small_hist_calibrated_n500,500,20310628,multi_worker_multi_vehicle,8.596874231730093
llm_rule_small_hist_calibrated_n500,500,20310628,nonworker_other,7.620073501585345
llm_rule_small_hist_calibrated_n500,500,20310628,urban_nonworker,6.554584187237497
llm_rule_small_hist_calibrated_n500,500,20310628,worker_vehicle_household,7.077444361093887
llm_rule_small_hist_calibrated_n500,500,20310629,carless_nonworker,5.696008968276491
llm_rule_small_hist_calibrated_n500,500,20310629,carless_worker,7.927172594335904
llm_rule_small_hist_calibrated_n500,500,20310629,large_low_vehicle,7.7382663608566595
llm_rule_small_hist_calibrated_n500,500,20310629,large_multi_vehicle,16.16143818098361
llm_rule_small_hist_calibrated_n500,500,20310629,multi_worker_multi_vehicle,8.945054218208663
llm_rule_small_hist_calibrated_n500,500,20310629,nonworker_other,7.4438861807199075
llm_rule_small_hist_calibrated_n500,500,20310629,urban_nonworker,4.742751235368148
llm_rule_small_hist_calibrated_n500,500,20310629,worker_vehicle_household,5.623171309066838
llm_rule_small_hist_calibrated_n1000,1000,20360610,carless_nonworker,5.077947383407494
llm_rule_small_hist_calibrated_n1000,1000,20360610,carless_worker,8.232961392908198
llm_rule_small_hist_calibrated_n1000,1000,20360610,large_low_vehicle,7.3740514486982836
llm_rule_small_hist_calibrated_n1000,1000,20360610,large_multi_vehicle,11.5196355487595
llm_rule_small_hist_calibrated_n1000,1000,20360610,multi_worker_multi_vehicle,9.35213013379433
llm_rule_small_hist_calibrated_n1000,1000,20360610,nonworker_other,4.272668693757609
llm_rule_small_hist_calibrated_n1000,1000,20360610,urban_nonworker,6.672998106061625
llm_rule_small_hist_calibrated_n1000,1000,20360610,worker_vehicle_household,6.382476110191894
llm_rule_small_hist_calibrated_n1000,1000,20360611,carless_nonworker,5.786452191785283
llm_rule_small_hist_calibrated_n1000,1000,20360611,carless_worker,8.85297544935002
llm_rule_small_hist_calibrated_n1000,1000,20360611,large_low_vehicle,11.500403586370165
llm_rule_small_hist_calibrated_n1000,1000,20360611,large_multi_vehicle,15.158689618092119
llm_rule_small_hist_calibrated_n1000,1000,20360611,multi_worker_multi_vehicle,10.118596527703813
llm_rule_small_hist_calibrated_n1000,1000,20360611,nonworker_other,5.78477177341348
llm_rule_small_hist_calibrated_n1000,1000,20360611,urban_nonworker,4.88305859057756
llm_rule_small_hist_calibrated_n1000,1000,20360611,worker_vehicle_household,6.160403478485045
llm_rule_small_hist_calibrated_n1000,1000,20360612,carless_nonworker,4.143065499652373
llm_rule_small_hist_calibrated_n1000,1000,20360612,carless_worker,5.090207905673061
llm_rule_small_hist_calibrated_n1000,1000,20360612,large_low_vehicle,7.835220119237571
llm_rule_small_hist_calibrated_n1000,1000,20360612,large_multi_vehicle,15.735714325595708
llm_rule_small_hist_calibrated_n1000,1000,20360612,multi_worker_multi_vehicle,8.613968902927594
llm_rule_small_hist_calibrated_n1000,1000,20360612,nonworker_other,4.283899410750045
llm_rule_small_hist_calibrated_n1000,1000,20360612,urban_nonworker,5.191033339622921
llm_rule_small_hist_calibrated_n1000,1000,20360612,worker_vehicle_household,5.960594813317756
llm_rule_small_hist_calibrated_n1000,1000,20360613,carless_nonworker,4.864019764872024
llm_rule_small_hist_calibrated_n1000,1000,20360613,carless_worker,7.6348818139544505
llm_rule_small_hist_calibrated_n1000,1000,20360613,large_low_vehicle,8.860887316780287
llm_rule_small_hist_calibrated_n1000,1000,20360613,large_multi_vehicle,15.396867711409902
llm_rule_small_hist_calibrated_n1000,1000,20360613,multi_worker_multi_vehicle,9.510605149868889
llm_rule_small_hist_calibrated_n1000,1000,20360613,nonworker_other,6.067999115772196
llm_rule_small_hist_calibrated_n1000,1000,20360613,urban_nonworker,5.644015147551052
llm_rule_small_hist_calibrated_n1000,1000,20360613,worker_vehicle_household,7.033967554239047
llm_rule_small_hist_calibrated_n1000,1000,20360614,carless_nonworker,5.487988125459326
llm_rule_small_hist_calibrated_n1000,1000,20360614,carless_worker,6.7662721938859836
llm_rule_small_hist_calibrated_n1000,1000,20360614,large_low_vehicle,11.456007768899203
llm_rule_small_hist_calibrated_n1000,1000,20360614,large_multi_vehicle,14.428415794189043
llm_rule_small_hist_calibrated_n1000,1000,20360614,multi_worker_multi_vehicle,9.842362987213995
llm_rule_small_hist_calibrated_n1000,1000,20360614,nonworker_other,4.456599212319898
llm_rule_small_hist_calibrated_n1000,1000,20360614,urban_nonworker,6.588379863112001
llm_rule_small_hist_calibrated_n1000,1000,20360614,worker_vehicle_household,7.51871492056834
llm_rule_small_hist_calibrated_n1000,1000,20360615,carless_nonworker,3.833191055476643
llm_rule_small_hist_calibrated_n1000,1000,20360615,carless_worker,7.426743937252878
llm_rule_small_hist_calibrated_n1000,1000,20360615,large_low_vehicle,9.430599716690988
llm_rule_small_hist_calibrated_n1000,1000,20360615,large_multi_vehicle,13.32914147088915
llm_rule_small_hist_calibrated_n1000,1000,20360615,multi_worker_multi_vehicle,9.738318181209559
llm_rule_small_hist_calibrated_n1000,1000,20360615,nonworker_other,5.908487837203241
llm_rule_small_hist_calibrated_n1000,1000,20360615,urban_nonworker,3.9308816033374123
llm_rule_small_hist_calibrated_n1000,1000,20360615,worker_vehicle_household,5.995551292419604
llm_rule_small_hist_calibrated_n1000,1000,20360616,carless_nonworker,5.6929598325111535
llm_rule_small_hist_calibrated_n1000,1000,20360616,carless_worker,9.214863386328613
llm_rule_small_hist_calibrated_n1000,1000,20360616,large_low_vehicle,10.76657949859445
llm_rule_small_hist_calibrated_n1000,1000,20360616,large_multi_vehicle,14.641877454859586
llm_rule_small_hist_calibrated_n1000,1000,20360616,multi_worker_multi_vehicle,10.006679434418468
llm_rule_small_hist_calibrated_n1000,1000,20360616,nonworker_other,5.264028321473196
llm_rule_small_hist_calibrated_n1000,1000,20360616,urban_nonworker,6.962259944023543
llm_rule_small_hist_calibrated_n1000,1000,20360616,worker_vehicle_household,6.5971753471354795
llm_rule_small_hist_calibrated_n1000,1000,20360617,carless_nonworker,6.734145903680995
llm_rule_small_hist_calibrated_n1000,1000,20360617,carless_worker,7.663570539575858
llm_rule_small_hist_calibrated_n1000,1000,20360617,large_low_vehicle,12.38377491655083
llm_rule_small_hist_calibrated_n1000,1000,20360617,large_multi_vehicle,15.862098006925153
llm_rule_small_hist_calibrated_n1000,1000,20360617,multi_worker_multi_vehicle,8.275488184021466
llm_rule_small_hist_calibrated_n1000,1000,20360617,nonworker_other,5.662181080422418
llm_rule_small_hist_calibrated_n1000,1000,20360617,urban_nonworker,5.398918267093924
llm_rule_small_hist_calibrated_n1000,1000,20360617,worker_vehicle_household,6.158197950704702
llm_rule_small_hist_calibrated_n1000,1000,20360618,carless_nonworker,4.829979383599769
llm_rule_small_hist_calibrated_n1000,1000,20360618,carless_worker,6.387775212522012
llm_rule_small_hist_calibrated_n1000,1000,20360618,large_low_vehicle,7.577213234882443
llm_rule_small_hist_calibrated_n1000,1000,20360618,large_multi_vehicle,13.975492107051751
llm_rule_small_hist_calibrated_n1000,1000,20360618,multi_worker_multi_vehicle,9.106057060503698
llm_rule_small_hist_calibrated_n1000,1000,20360618,nonworker_other,5.595474384907079
llm_rule_small_hist_calibrated_n1000,1000,20360618,urban_nonworker,4.8950548000611835
llm_rule_small_hist_calibrated_n1000,1000,20360618,worker_vehicle_household,6.046439236147354
llm_rule_small_hist_calibrated_n1000,1000,20360619,carless_nonworker,3.6453223475535856
llm_rule_small_hist_calibrated_n1000,1000,20360619,carless_worker,7.447831121081032
llm_rule_small_hist_calibrated_n1000,1000,20360619,large_low_vehicle,9.825338938735992
llm_rule_small_hist_calibrated_n1000,1000,20360619,large_multi_vehicle,12.713785957946643
llm_rule_small_hist_calibrated_n1000,1000,20360619,multi_worker_multi_vehicle,9.636068811457726
llm_rule_small_hist_calibrated_n1000,1000,20360619,nonworker_other,5.774071921844314
llm_rule_small_hist_calibrated_n1000,1000,20360619,urban_nonworker,5.3482653081948985
llm_rule_small_hist_calibrated_n1000,1000,20360619,worker_vehicle_household,6.62198162142163
llm_rule_small_hist_calibrated_n1000,1000,20360620,carless_nonworker,5.386884907457505
llm_rule_small_hist_calibrated_n1000,1000,20360620,carless_worker,6.783385800048046
llm_rule_small_hist_calibrated_n1000,1000,20360620,large_low_vehicle,8.892671380040358
llm_rule_small_hist_calibrated_n1000,1000,20360620,large_multi_vehicle,16.890774403658934
llm_rule_small_hist_calibrated_n1000,1000,20360620,multi_worker_multi_vehicle,9.10419379353213
llm_rule_small_hist_calibrated_n1000,1000,20360620,nonworker_other,4.913508124434188
llm_rule_small_hist_calibrated_n1000,1000,20360620,urban_nonworker,4.846414822890221
llm_rule_small_hist_calibrated_n1000,1000,20360620,worker_vehicle_household,5.701221508871185
llm_rule_small_hist_calibrated_n1000,1000,20360621,carless_nonworker,4.685960502580682
llm_rule_small_hist_calibrated_n1000,1000,20360621,carless_worker,7.229324804556691
llm_rule_small_hist_calibrated_n1000,1000,20360621,large_low_vehicle,10.84700438145318
llm_rule_small_hist_calibrated_n1000,1000,20360621,large_multi_vehicle,14.280275124724911
llm_rule_small_hist_calibrated_n1000,1000,20360621,multi_worker_multi_vehicle,8.43421789399339
llm_rule_small_hist_calibrated_n1000,1000,20360621,nonworker_other,6.044566094135936
llm_rule_small_hist_calibrated_n1000,1000,20360621,urban_nonworker,4.508156419661968
llm_rule_small_hist_calibrated_n1000,1000,20360621,worker_vehicle_household,6.326902881404833
llm_rule_small_hist_calibrated_n1000,1000,20360622,carless_nonworker,4.5505446573297474
llm_rule_small_hist_calibrated_n1000,1000,20360622,carless_worker,6.676470770380314
llm_rule_small_hist_calibrated_n1000,1000,20360622,large_low_vehicle,13.126926645098091
llm_rule_small_hist_calibrated_n1000,1000,20360622,large_multi_vehicle,11.711070767839436
llm_rule_small_hist_calibrated_n1000,1000,20360622,multi_worker_multi_vehicle,9.809958022922475
llm_rule_small_hist_calibrated_n1000,1000,20360622,nonworker_other,4.9478668618761485
llm_rule_small_hist_calibrated_n1000,1000,20360622,urban_nonworker,5.932136567390882
llm_rule_small_hist_calibrated_n1000,1000,20360622,worker_vehicle_household,6.75025262469459
llm_rule_small_hist_calibrated_n1000,1000,20360623,carless_nonworker,4.607879341692415
llm_rule_small_hist_calibrated_n1000,1000,20360623,carless_worker,8.654189918460368
llm_rule_small_hist_calibrated_n1000,1000,20360623,large_low_vehicle,13.51767770352724
llm_rule_small_hist_calibrated_n1000,1000,20360623,large_multi_vehicle,14.51432253343681
llm_rule_small_hist_calibrated_n1000,1000,20360623,multi_worker_multi_vehicle,9.695100427779982
llm_rule_small_hist_calibrated_n1000,1000,20360623,nonworker_other,6.108421034668034
llm_rule_small_hist_calibrated_n1000,1000,20360623,urban_nonworker,7.175201357116454
llm_rule_small_hist_calibrated_n1000,1000,20360623,worker_vehicle_household,6.3630310956375435
llm_rule_small_hist_calibrated_n1000,1000,20360624,carless_nonworker,3.938371330954415
llm_rule_small_hist_calibrated_n1000,1000,20360624,carless_worker,7.833552204132134
llm_rule_small_hist_calibrated_n1000,1000,20360624,large_low_vehicle,12.48513849419187
llm_rule_small_hist_calibrated_n1000,1000,20360624,large_multi_vehicle,14.416859249919336
llm_rule_small_hist_calibrated_n1000,1000,20360624,multi_worker_multi_vehicle,9.315783522498897
llm_rule_small_hist_calibrated_n1000,1000,20360624,nonworker_other,4.897521522600941
llm_rule_small_hist_calibrated_n1000,1000,20360624,urban_nonworker,5.167576117815615
llm_rule_small_hist_calibrated_n1000,1000,20360624,worker_vehicle_household,6.544751860499803
llm_rule_small_hist_calibrated_n1000,1000,20360625,carless_nonworker,5.608137206494407
llm_rule_small_hist_calibrated_n1000,1000,20360625,carless_worker,5.889321714179112
llm_rule_small_hist_calibrated_n1000,1000,20360625,large_low_vehicle,10.121669831798208
llm_rule_small_hist_calibrated_n1000,1000,20360625,large_multi_vehicle,14.23209200521048
llm_rule_small_hist_calibrated_n1000,1000,20360625,multi_worker_multi_vehicle,9.471977030800835
llm_rule_small_hist_calibrated_n1000,1000,20360625,nonworker_other,5.168596066054541
llm_rule_small_hist_calibrated_n1000,1000,20360625,urban_nonworker,4.7512706312528605
llm_rule_small_hist_calibrated_n1000,1000,20360625,worker_vehicle_household,6.201317740703298
llm_rule_small_hist_calibrated_n1000,1000,20360626,carless_nonworker,4.336105354596605
llm_rule_small_hist_calibrated_n1000,1000,20360626,carless_worker,6.616635623055998
llm_rule_small_hist_calibrated_n1000,1000,20360626,large_low_vehicle,16.087779618096704
llm_rule_small_hist_calibrated_n1000,1000,20360626,large_multi_vehicle,14.993586669690872
llm_rule_small_hist_calibrated_n1000,1000,20360626,multi_worker_multi_vehicle,7.93282281678212
llm_rule_small_hist_calibrated_n1000,1000,20360626,nonworker_other,6.995123950097628
llm_rule_small_hist_calibrated_n1000,1000,20360626,urban_nonworker,7.0512416222119665
llm_rule_small_hist_calibrated_n1000,1000,20360626,worker_vehicle_household,5.575873219346736
llm_rule_small_hist_calibrated_n1000,1000,20360627,carless_nonworker,6.728519315836155
llm_rule_small_hist_calibrated_n1000,1000,20360627,carless_worker,7.213653561321947
llm_rule_small_hist_calibrated_n1000,1000,20360627,large_low_vehicle,10.119558779198897
llm_rule_small_hist_calibrated_n1000,1000,20360627,large_multi_vehicle,11.555823317101124
llm_rule_small_hist_calibrated_n1000,1000,20360627,multi_worker_multi_vehicle,8.982507047721775
llm_rule_small_hist_calibrated_n1000,1000,20360627,nonworker_other,4.880013194759374
llm_rule_small_hist_calibrated_n1000,1000,20360627,urban_nonworker,4.820817835762222
llm_rule_small_hist_calibrated_n1000,1000,20360627,worker_vehicle_household,7.0353748004691194
llm_rule_small_hist_calibrated_n1000,1000,20360628,carless_nonworker,5.6851845820815345
llm_rule_small_hist_calibrated_n1000,1000,20360628,carless_worker,6.019942001838713
llm_rule_small_hist_calibrated_n1000,1000,20360628,large_low_vehicle,9.73750100967331
llm_rule_small_hist_calibrated_n1000,1000,20360628,large_multi_vehicle,12.786563825556039
llm_rule_small_hist_calibrated_n1000,1000,20360628,multi_worker_multi_vehicle,8.399193491854083
llm_rule_small_hist_calibrated_n1000,1000,20360628,nonworker_other,4.997174898208313
llm_rule_small_hist_calibrated_n1000,1000,20360628,urban_nonworker,5.298498400676347
llm_rule_small_hist_calibrated_n1000,1000,20360628,worker_vehicle_household,5.645405880425004
llm_rule_small_hist_calibrated_n1000,1000,20360629,carless_nonworker,4.549318464412437
llm_rule_small_hist_calibrated_n1000,1000,20360629,carless_worker,6.562868806117697
llm_rule_small_hist_calibrated_n1000,1000,20360629,large_low_vehicle,10.974563288228115
llm_rule_small_hist_calibrated_n1000,1000,20360629,large_multi_vehicle,15.669111090157406
llm_rule_small_hist_calibrated_n1000,1000,20360629,multi_worker_multi_vehicle,8.27656349890751
llm_rule_small_hist_calibrated_n1000,1000,20360629,nonworker_other,6.039009463262688
llm_rule_small_hist_calibrated_n1000,1000,20360629,urban_nonworker,5.386493643055988
llm_rule_small_hist_calibrated_n1000,1000,20360629,worker_vehicle_household,6.292973839919396
llm_rule_full_history_calibrated,349660,20260610,carless_nonworker,2.9019243348275063
llm_rule_full_history_calibrated,349660,20260610,carless_worker,6.1356014550177
llm_rule_full_history_calibrated,349660,20260610,large_low_vehicle,12.923141351412252
llm_rule_full_history_calibrated,349660,20260610,large_multi_vehicle,14.755056581921814
llm_rule_full_history_calibrated,349660,20260610,multi_worker_multi_vehicle,9.183442963506703
llm_rule_full_history_calibrated,349660,20260610,nonworker_other,5.2491478567951555
llm_rule_full_history_calibrated,349660,20260610,urban_nonworker,5.180550067665071
llm_rule_full_history_calibrated,349660,20260610,worker_vehicle_household,6.449357587819849
