year,package,table_name,column_name,column_index
2001,ascii,DAYPUB,HOUSEID,0
2001,ascii,DAYPUB,PERSONID,1
2001,ascii,DAYPUB,TDCASEID,2
2001,ascii,DAYPUB,TDTRPNUM,3
2001,ascii,DAYPUB,MSACAT,4
2001,ascii,DAYPUB,RAIL,5
2001,ascii,DAYPUB,CDIVMSAR,6
2001,ascii,DAYPUB,TRPTRANS,7
2001,ascii,DAYPUB,TRPPUB,8
2001,ascii,DAYPUB,PSGR_FLG,9
2001,ascii,DAYPUB,DRVR_FLG,10
2001,ascii,DAYPUB,VEHUSED,11
2001,ascii,DAYPUB,WHODROVE,12
2001,ascii,DAYPUB,TRPHHVEH,13
2001,ascii,DAYPUB,HHMEMDRV,14
2001,ascii,DAYPUB,URBRUR,15
2001,ascii,DAYPUB,WHYFROM,16
2001,ascii,DAYPUB,HTHUR,17
2001,ascii,DAYPUB,HBHUR,18
2001,ascii,DAYPUB,IMPTAGE,19
2001,ascii,DAYPUB,IMPTSEX,20
2001,ascii,DAYPUB,IMPTRACE,21
2001,ascii,DAYPUB,IMPTMILE,22
2001,ascii,DAYPUB,IMPTMIN,23
2001,ascii,DAYPUB,IMPTHOWN,24
2001,ascii,DAYPUB,IMPTHTYP,25
2001,ascii,DAYPUB,IMPTENTM,26
2001,ascii,DAYPUB,IMPTSTTM,27
2001,ascii,DAYPUB,IMPTTPUB,28
2001,ascii,DAYPUB,IMPTTRIP,29
2001,ascii,DAYPUB,TDMSDTRP,30
2001,ascii,DAYPUB,TPOVRLAP,31
2001,ascii,DAYPUB,AWAYHOME,32
2001,ascii,DAYPUB,DRIVER,33
2001,ascii,DAYPUB,ONTD_P1,34
2001,ascii,DAYPUB,ONTD_P2,35
2001,ascii,DAYPUB,ONTD_P3,36
2001,ascii,DAYPUB,ONTD_P4,37
2001,ascii,DAYPUB,ONTD_P5,38
2001,ascii,DAYPUB,ONTD_P6,39
2001,ascii,DAYPUB,ONTD_P7,40
2001,ascii,DAYPUB,ONTD_P8,41
2001,ascii,DAYPUB,ONTD_P9,42
2001,ascii,DAYPUB,ONTD_P10,43
2001,ascii,DAYPUB,ONTD_P11,44
2001,ascii,DAYPUB,ONTD_P12,45
2001,ascii,DAYPUB,PASSPURP,46
2001,ascii,DAYPUB,PUBTYPE,47
2001,ascii,DAYPUB,R_RELAT,48
2001,ascii,DAYPUB,TRACC1,49
2001,ascii,DAYPUB,TRACC2,50
2001,ascii,DAYPUB,TRACC3,51
2001,ascii,DAYPUB,TRACC4,52
2001,ascii,DAYPUB,TRACC5,53
2001,ascii,DAYPUB,TREGR1,54
2001,ascii,DAYPUB,TREGR2,55
2001,ascii,DAYPUB,TREGR3,56
2001,ascii,DAYPUB,TREGR4,57
2001,ascii,DAYPUB,TREGR5,58
2001,ascii,DAYPUB,WORKER,59
2001,ascii,DAYPUB,TRPHHACC,60
2001,ascii,DAYPUB,WHYTO,61
2001,ascii,DAYPUB,TDWKND,62
2001,ascii,DAYPUB,ONTD_P13,63
2001,ascii,DAYPUB,ONTD_P14,64
2001,ascii,DAYPUB,WHYTRP1S,65
2001,ascii,DAYPUB,STRTTIME,66
2001,ascii,DAYPUB,TRPDIST,67
2001,ascii,DAYPUB,ENDHOUR,68
2001,ascii,DAYPUB,TRACCTM,69
2001,ascii,DAYPUB,TRWAITTM,70
2001,ascii,DAYPUB,TRPBLKS,71
2001,ascii,DAYPUB,EDUC,72
2001,ascii,DAYPUB,OUTOFTWN,73
2001,ascii,DAYPUB,PROXY,74
2001,ascii,DAYPUB,PROXCAT,75
2001,ascii,DAYPUB,HHR_HISP,76
2001,ascii,DAYPUB,HHR_RACE,77
2001,ascii,DAYPUB,HHR_DRVR,78
2001,ascii,DAYPUB,HHR_WRKR,79
2001,ascii,DAYPUB,R_SEX,80
2001,ascii,DAYPUB,TRAVDAY,81
2001,ascii,DAYPUB,TDAYDATE,82
2001,ascii,DAYPUB,TDBOA911,83
2001,ascii,DAYPUB,SMPLAREA,84
2001,ascii,DAYPUB,SMPLFIRM,85
2001,ascii,DAYPUB,SMPLSRCE,86
2001,ascii,DAYPUB,HOMEOWN,87
2001,ascii,DAYPUB,HOMETYPE,88
2001,ascii,DAYPUB,HHR_EDUC,89
2001,ascii,DAYPUB,LANG,90
2001,ascii,DAYPUB,HHRESP,91
2001,ascii,DAYPUB,HHFAMINC,92
2001,ascii,DAYPUB,HHSIZE,93
2001,ascii,DAYPUB,URBAN,94
2001,ascii,DAYPUB,MSASIZE,95
2001,ascii,DAYPUB,CENSUS_R,96
2001,ascii,DAYPUB,CENSUS_D,97
2001,ascii,DAYPUB,HH_ONTD,98
2001,ascii,DAYPUB,NUMONTRP,99
2001,ascii,DAYPUB,DWELTIME,100
2001,ascii,DAYPUB,EDITMODE,101
2001,ascii,DAYPUB,EDITPURP,102
2001,ascii,DAYPUB,EDITSTTM,103
2001,ascii,DAYPUB,EDITENTM,104
2001,ascii,DAYPUB,EDITMILE,105
2001,ascii,DAYPUB,EDITMIN,106
2001,ascii,DAYPUB,FLGNXTDY,107
2001,ascii,DAYPUB,STRTHR,108
2001,ascii,DAYPUB,STRTMIN,109
2001,ascii,DAYPUB,ENDMIN,110
2001,ascii,DAYPUB,WHYTRP90,111
2001,ascii,DAYPUB,TRVL_MIN,112
2001,ascii,DAYPUB,WHYTRP01,113
2001,ascii,DAYPUB,TRVLCMIN,114
2001,ascii,DAYPUB,HHINCTTL,115
2001,ascii,DAYPUB,TRPNUMSQ,116
2001,ascii,DAYPUB,WTTRDNTL,117
2001,ascii,DAYPUB,EXPFLTDN,118
2001,ascii,DAYPUB,WTTRDFIN,119
2001,ascii,DAYPUB,EXPFLLTD,120
2001,ascii,DAYPUB,NONHHCNT,121
2001,ascii,DAYPUB,TRPMILES,122
2001,ascii,DAYPUB,TREGRTM,123
2001,ascii,DAYPUB,HHSTATE,124
2001,ascii,DAYPUB,HHSTFIPS,125
2001,ascii,DAYPUB,HHC_MSA,126
2001,ascii,DAYPUB,ENDTIME,127
2001,ascii,DAYPUB,VEHID,128
2001,ascii,DAYPUB,HTPPOPDN,129
2001,ascii,DAYPUB,HTHRESDN,130
2001,ascii,DAYPUB,HBPPOPDN,131
2001,ascii,DAYPUB,HBHRESDN,132
2001,ascii,DAYPUB,HBHTNRNT,133
2001,ascii,DAYPUB,HTEEMPDN,134
2001,ascii,DAYPUB,HTHTNRNT,135
2001,ascii,DAYPUB,VEHTYPE,136
2001,ascii,DAYPUB,PRMACT,137
2001,ascii,DAYPUB,R_AGEWGT,138
2001,ascii,DAYPUB,TRIPPURP,139
2001,ascii,DAYPUB,ENDTRAV,140
2001,ascii,DAYPUB,BEGTRAV,141
2001,ascii,DAYPUB,OCCAT,142
2001,ascii,DAYPUB,NUMADLT,143
2001,ascii,DAYPUB,HHVEHCNT,144
2001,ascii,DAYPUB,WRKCOUNT,145
2001,ascii,DAYPUB,R_AGE,146
2001,ascii,DAYPUB,LIF_CYC,147
2001,ascii,DAYPUB,DRVRCNT,148
2001,ascii,DAYPUB,MSAPOP,149
2001,ascii,HHPUB,HOUSEID,0
2001,ascii,HHPUB,MSACAT,1
2001,ascii,HHPUB,RAIL,2
2001,ascii,HHPUB,CDIVMSAR,3
2001,ascii,HHPUB,FLGFINCM,4
2001,ascii,HHPUB,DRV_P13,5
2001,ascii,HHPUB,DRV_P14,6
2001,ascii,HHPUB,URBRUR,7
2001,ascii,HHPUB,HBHUR,8
2001,ascii,HHPUB,HTHUR,9
2001,ascii,HHPUB,IMPTHOWN,10
2001,ascii,HHPUB,IMPTHTYP,11
2001,ascii,HHPUB,IMPTPHON,12
2001,ascii,HHPUB,LIF_CYC,13
2001,ascii,HHPUB,INC_P1,14
2001,ascii,HHPUB,TDBOA911,15
2001,ascii,HHPUB,SMPLAREA,16
2001,ascii,HHPUB,SMPLFIRM,17
2001,ascii,HHPUB,SMPLSRCE,18
2001,ascii,HHPUB,DRV_P1,19
2001,ascii,HHPUB,DRV_P2,20
2001,ascii,HHPUB,DRV_P3,21
2001,ascii,HHPUB,DRV_P4,22
2001,ascii,HHPUB,DRV_P5,23
2001,ascii,HHPUB,DRV_P6,24
2001,ascii,HHPUB,DRV_P7,25
2001,ascii,HHPUB,DRV_P8,26
2001,ascii,HHPUB,DRV_P9,27
2001,ascii,HHPUB,DRV_P10,28
2001,ascii,HHPUB,DRV_P11,29
2001,ascii,HHPUB,DRV_P12,30
2001,ascii,HHPUB,WKR_P1,31
2001,ascii,HHPUB,WKR_P2,32
2001,ascii,HHPUB,WKR_P3,33
2001,ascii,HHPUB,WKR_P4,34
2001,ascii,HHPUB,WKR_P5,35
2001,ascii,HHPUB,WKR_P6,36
2001,ascii,HHPUB,WKR_P7,37
2001,ascii,HHPUB,WKR_P8,38
2001,ascii,HHPUB,WKR_P9,39
2001,ascii,HHPUB,WKR_P10,40
2001,ascii,HHPUB,WKR_P11,41
2001,ascii,HHPUB,WKR_P12,42
2001,ascii,HHPUB,WKR_P13,43
2001,ascii,HHPUB,WKR_P14,44
2001,ascii,HHPUB,HHR_HISP,45
2001,ascii,HHPUB,HOMEOWN,46
2001,ascii,HHPUB,HOMETYPE,47
2001,ascii,HHPUB,REL_P1,48
2001,ascii,HHPUB,REL_P2,49
2001,ascii,HHPUB,REL_P3,50
2001,ascii,HHPUB,REL_P4,51
2001,ascii,HHPUB,REL_P5,52
2001,ascii,HHPUB,REL_P6,53
2001,ascii,HHPUB,REL_P7,54
2001,ascii,HHPUB,REL_P8,55
2001,ascii,HHPUB,REL_P9,56
2001,ascii,HHPUB,REL_P10,57
2001,ascii,HHPUB,REL_P11,58
2001,ascii,HHPUB,REL_P12,59
2001,ascii,HHPUB,REL_P13,60
2001,ascii,HHPUB,REL_P14,61
2001,ascii,HHPUB,STAT_P1,62
2001,ascii,HHPUB,STAT_P2,63
2001,ascii,HHPUB,STAT_P3,64
2001,ascii,HHPUB,STAT_P4,65
2001,ascii,HHPUB,STAT_P5,66
2001,ascii,HHPUB,STAT_P6,67
2001,ascii,HHPUB,STAT_P7,68
2001,ascii,HHPUB,STAT_P8,69
2001,ascii,HHPUB,STAT_P9,70
2001,ascii,HHPUB,STAT_P10,71
2001,ascii,HHPUB,STAT_P11,72
2001,ascii,HHPUB,STAT_P12,73
2001,ascii,HHPUB,STAT_P13,74
2001,ascii,HHPUB,STAT_P14,75
2001,ascii,HHPUB,HHR_EDUC,76
2001,ascii,HHPUB,MAILHOME,77
2001,ascii,HHPUB,HHINCTTL,78
2001,ascii,HHPUB,RATIO16V,79
2001,ascii,HHPUB,RATIO16W,80
2001,ascii,HHPUB,RATIOWV,81
2001,ascii,HHPUB,TRAVDAY,82
2001,ascii,HHPUB,LANG,83
2001,ascii,HHPUB,TDAYDATE,84
2001,ascii,HHPUB,HHINTDT,85
2001,ascii,HHPUB,INC_P2,86
2001,ascii,HHPUB,INC_P3,87
2001,ascii,HHPUB,INC_P4,88
2001,ascii,HHPUB,INC_P5,89
2001,ascii,HHPUB,INC_P6,90
2001,ascii,HHPUB,INC_P7,91
2001,ascii,HHPUB,INC_P8,92
2001,ascii,HHPUB,INC_P9,93
2001,ascii,HHPUB,INC_P10,94
2001,ascii,HHPUB,INC_P11,95
2001,ascii,HHPUB,INC_P12,96
2001,ascii,HHPUB,INC_P13,97
2001,ascii,HHPUB,INC_P14,98
2001,ascii,HHPUB,TELTYPE,99
2001,ascii,HHPUB,HHNUMBIK,100
2001,ascii,HHPUB,TELCELL,101
2001,ascii,HHPUB,HHRESP,102
2001,ascii,HHPUB,TELBFM,103
2001,ascii,HHPUB,TELLAND,104
2001,ascii,HHPUB,TELTOTL,105
2001,ascii,HHPUB,HHFAMINC,106
2001,ascii,HHPUB,HHMNINC,107
2001,ascii,HHPUB,HHTOTD,108
2001,ascii,HHPUB,HHR_RACE,109
2001,ascii,HHPUB,HHR_SEX,110
2001,ascii,HHPUB,HHR_STAT,111
2001,ascii,HHPUB,NUMADLT,112
2001,ascii,HHPUB,HHSIZE,113
2001,ascii,HHPUB,SEX_P1,114
2001,ascii,HHPUB,SEX_P2,115
2001,ascii,HHPUB,SEX_P3,116
2001,ascii,HHPUB,SEX_P4,117
2001,ascii,HHPUB,SEX_P5,118
2001,ascii,HHPUB,SEX_P6,119
2001,ascii,HHPUB,SEX_P7,120
2001,ascii,HHPUB,SEX_P8,121
2001,ascii,HHPUB,SEX_P9,122
2001,ascii,HHPUB,SEX_P10,123
2001,ascii,HHPUB,SEX_P11,124
2001,ascii,HHPUB,SEX_P12,125
2001,ascii,HHPUB,SEX_P13,126
2001,ascii,HHPUB,SEX_P14,127
2001,ascii,HHPUB,INCM_P1,128
2001,ascii,HHPUB,INCM_P2,129
2001,ascii,HHPUB,INCM_P3,130
2001,ascii,HHPUB,INCM_P4,131
2001,ascii,HHPUB,INCM_P5,132
2001,ascii,HHPUB,INCM_P6,133
2001,ascii,HHPUB,INCM_P7,134
2001,ascii,HHPUB,AGE_P8,135
2001,ascii,HHPUB,INCM_P8,136
2001,ascii,HHPUB,AGE_P9,137
2001,ascii,HHPUB,INCM_P9,138
2001,ascii,HHPUB,AGE_P10,139
2001,ascii,HHPUB,INCM_P10,140
2001,ascii,HHPUB,AGE_P11,141
2001,ascii,HHPUB,INCM_P11,142
2001,ascii,HHPUB,AGE_P12,143
2001,ascii,HHPUB,INCM_P12,144
2001,ascii,HHPUB,AGE_P13,145
2001,ascii,HHPUB,INCM_P13,146
2001,ascii,HHPUB,AGE_P14,147
2001,ascii,HHPUB,INCM_P14,148
2001,ascii,HHPUB,RESP_CNT,149
2001,ascii,HHPUB,CNTTDHH,150
2001,ascii,HHPUB,CNTTPHH,151
2001,ascii,HHPUB,HHVEHCNT,152
2001,ascii,HHPUB,URBAN,153
2001,ascii,HHPUB,HOMEGEO,154
2001,ascii,HHPUB,MSASIZE,155
2001,ascii,HHPUB,CENSUS_R,156
2001,ascii,HHPUB,CENSUS_D,157
2001,ascii,HHPUB,SUM_STAT,158
2001,ascii,HHPUB,HHR_DRVR,159
2001,ascii,HHPUB,HHR_WRKR,160
2001,ascii,HHPUB,WRKCOUNT,161
2001,ascii,HHPUB,DRVRCNT,162
2001,ascii,HHPUB,EXPFLHHN,163
2001,ascii,HHPUB,WTHHNTL,164
2001,ascii,HHPUB,EXPFLLHH,165
2001,ascii,HHPUB,WTHHFIN,166
2001,ascii,HHPUB,HHSTATE,167
2001,ascii,HHPUB,HHSTFIPS,168
2001,ascii,HHPUB,HHC_MSA,169
2001,ascii,HHPUB,HHR_AGE,170
2001,ascii,HHPUB,AGE_P1,171
2001,ascii,HHPUB,AGE_P2,172
2001,ascii,HHPUB,AGE_P3,173
2001,ascii,HHPUB,AGE_P4,174
2001,ascii,HHPUB,AGE_P5,175
2001,ascii,HHPUB,AGE_P6,176
2001,ascii,HHPUB,AGE_P7,177
2001,ascii,HHPUB,HTPPOPDN,178
2001,ascii,HHPUB,HTHRESDN,179
2001,ascii,HHPUB,HBPPOPDN,180
2001,ascii,HHPUB,HBHRESDN,181
2001,ascii,HHPUB,HBHTNRNT,182
2001,ascii,HHPUB,HTEEMPDN,183
2001,ascii,HHPUB,HTHTNRNT,184
2001,ascii,HHPUB,ENDTRAV,185
2001,ascii,HHPUB,BEGTRAV,186
2001,ascii,HHPUB,MSAPOP,187
2001,ascii,LDTPUB,HOUSEID,0
2001,ascii,LDTPUB,PERSONID,1
2001,ascii,LDTPUB,TPTRPNUM,2
2001,ascii,LDTPUB,TPCASEID,3
2001,ascii,LDTPUB,ONTP_P1,4
2001,ascii,LDTPUB,ONTP_P2,5
2001,ascii,LDTPUB,ONTP_P3,6
2001,ascii,LDTPUB,ONTP_P4,7
2001,ascii,LDTPUB,ONTP_P5,8
2001,ascii,LDTPUB,ONTP_P6,9
2001,ascii,LDTPUB,ONTP_P7,10
2001,ascii,LDTPUB,ONTP_P8,11
2001,ascii,LDTPUB,ONTP_P9,12
2001,ascii,LDTPUB,ONTP_P10,13
2001,ascii,LDTPUB,ONTP_P11,14
2001,ascii,LDTPUB,ONTP_P12,15
2001,ascii,LDTPUB,ONTP_P13,16
2001,ascii,LDTPUB,ONTP_P14,17
2001,ascii,LDTPUB,BEGTRAV,18
2001,ascii,LDTPUB,ENDTRAV,19
2001,ascii,LDTPUB,ACCMODE1,20
2001,ascii,LDTPUB,ACCMODE2,21
2001,ascii,LDTPUB,ACCMODE3,22
2001,ascii,LDTPUB,EGRMODE1,23
2001,ascii,LDTPUB,EGRMODE2,24
2001,ascii,LDTPUB,EGRMODE3,25
2001,ascii,LDTPUB,FARREAS1,26
2001,ascii,LDTPUB,FARREAS2,27
2001,ascii,LDTPUB,FARREAS3,28
2001,ascii,LDTPUB,FARREAS4,29
2001,ascii,LDTPUB,FARREA21,30
2001,ascii,LDTPUB,HHMDRV,31
2001,ascii,LDTPUB,RETMODE,32
2001,ascii,LDTPUB,FARSTOP,33
2001,ascii,LDTPUB,RETSTOP,34
2001,ascii,LDTPUB,LVEMNT,35
2001,ascii,LDTPUB,RETMNT,36
2001,ascii,LDTPUB,RECURR,37
2001,ascii,LDTPUB,COMMUTE,38
2001,ascii,LDTPUB,MAINMOD2,39
2001,ascii,LDTPUB,MAINMODE,40
2001,ascii,LDTPUB,RETMOD2,41
2001,ascii,LDTPUB,TPBOA911,42
2001,ascii,LDTPUB,LVEYR,43
2001,ascii,LDTPUB,RETYR,44
2001,ascii,LDTPUB,BEGTRIP,45
2001,ascii,LDTPUB,ENDTRIP,46
2001,ascii,LDTPUB,INT_FLAG,47
2001,ascii,LDTPUB,ACCDIV,48
2001,ascii,LDTPUB,ACCREG,49
2001,ascii,LDTPUB,EGRDIV,50
2001,ascii,LDTPUB,EGRREG,51
2001,ascii,LDTPUB,ACCMSA,52
2001,ascii,LDTPUB,EGRMSA,53
2001,ascii,LDTPUB,WEEKEND,54
2001,ascii,LDTPUB,TPMSDTRP,55
2001,ascii,LDTPUB,TPDRVFLG,56
2001,ascii,LDTPUB,NUMNHHM,57
2001,ascii,LDTPUB,EGRST,58
2001,ascii,LDTPUB,NTIMES,59
2001,ascii,LDTPUB,FARREG,60
2001,ascii,LDTPUB,FARDIV,61
2001,ascii,LDTPUB,FARMSA,62
2001,ascii,LDTPUB,FARST,63
2001,ascii,LDTPUB,ACCST,64
2001,ascii,LDTPUB,IMPTNTIM,65
2001,ascii,LDTPUB,IMPTLEDT,66
2001,ascii,LDTPUB,IMPTREDT,67
2001,ascii,LDTPUB,EDITRECU,68
2001,ascii,LDTPUB,NTSAWAY,69
2001,ascii,LDTPUB,TPRECURR,70
2001,ascii,LDTPUB,HH_ONTP,71
2001,ascii,LDTPUB,TPNUMTRP,72
2001,ascii,LDTPUB,STPS_FRM,73
2001,ascii,LDTPUB,STPS_TO,74
2001,ascii,LDTPUB,RTETOT,75
2001,ascii,LDTPUB,GCDTOT,76
2001,ascii,LDTPUB,WTPTPFIN,77
2001,ascii,LDTPUB,EXPFLPTP,78
2001,ascii,LDTPUB,IFARCTRY,79
2001,ascii,LDTPUB,MSACAT,80
2001,ascii,LDTPUB,RAIL,81
2001,ascii,LDTPUB,CDIVMSAR,82
2001,ascii,LDTPUB,URBRUR,83
2001,ascii,LDTPUB,HBHUR,84
2001,ascii,LDTPUB,HTHUR,85
2001,ascii,LDTPUB,IMPTHOWN,86
2001,ascii,LDTPUB,IMPTHTYP,87
2001,ascii,LDTPUB,LIF_CYC,88
2001,ascii,LDTPUB,HHR_HISP,89
2001,ascii,LDTPUB,HOMEOWN,90
2001,ascii,LDTPUB,HOMETYPE,91
2001,ascii,LDTPUB,HHR_EDUC,92
2001,ascii,LDTPUB,HHINCTTL,93
2001,ascii,LDTPUB,RATIO16W,94
2001,ascii,LDTPUB,RATIOWV,95
2001,ascii,LDTPUB,LANG,96
2001,ascii,LDTPUB,TDAYDATE,97
2001,ascii,LDTPUB,HHRESP,98
2001,ascii,LDTPUB,HHFAMINC,99
2001,ascii,LDTPUB,HHR_RACE,100
2001,ascii,LDTPUB,NUMADLT,101
2001,ascii,LDTPUB,HHSIZE,102
2001,ascii,LDTPUB,HHVEHCNT,103
2001,ascii,LDTPUB,URBAN,104
2001,ascii,LDTPUB,MSASIZE,105
2001,ascii,LDTPUB,CENSUS_R,106
2001,ascii,LDTPUB,CENSUS_D,107
2001,ascii,LDTPUB,HHR_WRKR,108
2001,ascii,LDTPUB,WRKCOUNT,109
2001,ascii,LDTPUB,DRVRCNT,110
2001,ascii,LDTPUB,HHC_MSA,111
2001,ascii,LDTPUB,HTPPOPDN,112
2001,ascii,LDTPUB,HTHRESDN,113
2001,ascii,LDTPUB,HBPPOPDN,114
2001,ascii,LDTPUB,HBHRESDN,115
2001,ascii,LDTPUB,HBHTNRNT,116
2001,ascii,LDTPUB,HTEEMPDN,117
2001,ascii,LDTPUB,HTHTNRNT,118
2001,ascii,LDTPUB,IMPTAGE,119
2001,ascii,LDTPUB,IMPTSEX,120
2001,ascii,LDTPUB,IMPTRACE,121
2001,ascii,LDTPUB,EDUC,122
2001,ascii,LDTPUB,OCCAT,123
2001,ascii,LDTPUB,PROXY,124
2001,ascii,LDTPUB,PROXCAT,125
2001,ascii,LDTPUB,R_RELAT,126
2001,ascii,LDTPUB,R_SEX,127
2001,ascii,LDTPUB,DRIVER,128
2001,ascii,LDTPUB,WORKER,129
2001,ascii,LDTPUB,R_AGEWGT,130
2001,ascii,LDTPUB,R_AGE,131
2001,ascii,LDTPUB,PRMACT,132
2001,ascii,LDTPUB,HHSTATE,133
2001,ascii,LDTPUB,HHSTFIPS,134
2001,ascii,LDTPUB,MSAPOP,135
2001,ascii,LDTPUB,SMPLAREA,136
2001,ascii,PERPUB,HOUSEID,0
2001,ascii,PERPUB,PRCASEID,1
2001,ascii,PERPUB,PERSONID,2
2001,ascii,PERPUB,MSACAT,3
2001,ascii,PERPUB,RAIL,4
2001,ascii,PERPUB,CDIVMSAR,5
2001,ascii,PERPUB,INDVINC,6
2001,ascii,PERPUB,URBRUR,7
2001,ascii,PERPUB,HBHUR,8
2001,ascii,PERPUB,HTHUR,9
2001,ascii,PERPUB,IMPTAGE,10
2001,ascii,PERPUB,IMPTSEX,11
2001,ascii,PERPUB,IMPTRACE,12
2001,ascii,PERPUB,IMPTHOWN,13
2001,ascii,PERPUB,IMPTHTYP,14
2001,ascii,PERPUB,FLGPRDRV,15
2001,ascii,PERPUB,WORKGEO,16
2001,ascii,PERPUB,CONDRIVE,17
2001,ascii,PERPUB,GT1JBLWK,18
2001,ascii,PERPUB,CONDNIGH,19
2001,ascii,PERPUB,AGERANGE,20
2001,ascii,PERPUB,BORNINUS,21
2001,ascii,PERPUB,CONDPUB,22
2001,ascii,PERPUB,CONDRIDE,23
2001,ascii,PERPUB,CONDSPEC,24
2001,ascii,PERPUB,CONDTRAV,25
2001,ascii,PERPUB,DIARYCMP,26
2001,ascii,PERPUB,DTACDT,27
2001,ascii,PERPUB,DTCONJ,28
2001,ascii,PERPUB,DTDISTRC,29
2001,ascii,PERPUB,DTDRUNK,30
2001,ascii,PERPUB,DTGAS,31
2001,ascii,PERPUB,DTRRAGE,32
2001,ascii,PERPUB,DTSPEED,33
2001,ascii,PERPUB,DTTIEUP,34
2001,ascii,PERPUB,DTTRUCKS,35
2001,ascii,PERPUB,EDUC,36
2001,ascii,PERPUB,FRSTHM,37
2001,ascii,PERPUB,MEDCOND,38
2001,ascii,PERPUB,MEDCOND6,39
2001,ascii,PERPUB,OCCAT,40
2001,ascii,PERPUB,OUTOFTWN,41
2001,ascii,PERPUB,OUTCNTRY,42
2001,ascii,PERPUB,PAYPROF,43
2001,ascii,PERPUB,PROXY,44
2001,ascii,PERPUB,PTUSED,45
2001,ascii,PERPUB,USULDRV,46
2001,ascii,PERPUB,WEBACC,47
2001,ascii,PERPUB,WEBHOME,48
2001,ascii,PERPUB,WEBOTHER,49
2001,ascii,PERPUB,WEBUSE,50
2001,ascii,PERPUB,WEBWORK,51
2001,ascii,PERPUB,WKFMHM2M,52
2001,ascii,PERPUB,WKFMHMXX,53
2001,ascii,PERPUB,WKFTPT,54
2001,ascii,PERPUB,WRKDRIVE,55
2001,ascii,PERPUB,WRKTRANS,56
2001,ascii,PERPUB,WRKTRPS,57
2001,ascii,PERPUB,WHERBORN,58
2001,ascii,PERPUB,USEPUBTR,59
2001,ascii,PERPUB,YRMLCAT,60
2001,ascii,PERPUB,PROXCAT,61
2001,ascii,PERPUB,TRAVDAY,62
2001,ascii,PERPUB,TDBOA911,63
2001,ascii,PERPUB,SMPLAREA,64
2001,ascii,PERPUB,SMPLFIRM,65
2001,ascii,PERPUB,SMPLSRCE,66
2001,ascii,PERPUB,HHR_HISP,67
2001,ascii,PERPUB,HOMEOWN,68
2001,ascii,PERPUB,HOMETYPE,69
2001,ascii,PERPUB,HHR_EDUC,70
2001,ascii,PERPUB,LANG,71
2001,ascii,PERPUB,TDAYDATE,72
2001,ascii,PERPUB,HHRESP,73
2001,ascii,PERPUB,HHFAMINC,74
2001,ascii,PERPUB,HHR_RACE,75
2001,ascii,PERPUB,NUMADLT,76
2001,ascii,PERPUB,HHSIZE,77
2001,ascii,PERPUB,HHVEHCNT,78
2001,ascii,PERPUB,URBAN,79
2001,ascii,PERPUB,MSASIZE,80
2001,ascii,PERPUB,CENSUS_R,81
2001,ascii,PERPUB,CENSUS_D,82
2001,ascii,PERPUB,HHR_DRVR,83
2001,ascii,PERPUB,HHR_WRKR,84
2001,ascii,PERPUB,WRKCOUNT,85
2001,ascii,PERPUB,WKSTFIPS,86
2001,ascii,PERPUB,GCDWORK,87
2001,ascii,PERPUB,R_RELAT,88
2001,ascii,PERPUB,R_SEX,89
2001,ascii,PERPUB,CNTTDTR,90
2001,ascii,PERPUB,DTNOWALK,91
2001,ascii,PERPUB,DTPVPOT,92
2001,ascii,PERPUB,YRMLCAP,93
2001,ascii,PERPUB,NWALKTRP,94
2001,ascii,PERPUB,NBIKETRP,95
2001,ascii,PERPUB,YEARMILE,96
2001,ascii,PERPUB,COMMDRVR,97
2001,ascii,PERPUB,WEBWHER,98
2001,ascii,PERPUB,WORKLOC,99
2001,ascii,PERPUB,DISTTOWK,100
2001,ascii,PERPUB,WORKSTAT,101
2001,ascii,PERPUB,TIMETOWK,102
2001,ascii,PERPUB,CARRODE,103
2001,ascii,PERPUB,DISTBLOC,104
2001,ascii,PERPUB,DIFFDATE,105
2001,ascii,PERPUB,CNTTPTR,106
2001,ascii,PERPUB,CNTTPUNQ,107
2001,ascii,PERPUB,PRMDRVR1,108
2001,ascii,PERPUB,PRMDRVR2,109
2001,ascii,PERPUB,PRMDRVR3,110
2001,ascii,PERPUB,DRIVER,111
2001,ascii,PERPUB,WORKER,112
2001,ascii,PERPUB,EXPFLPRN,113
2001,ascii,PERPUB,WTPRNTL,114
2001,ascii,PERPUB,HHINCTTL,115
2001,ascii,PERPUB,SAMEPLC,116
2001,ascii,PERPUB,LASTRPMM,117
2001,ascii,PERPUB,LASTRPYY,118
2001,ascii,PERPUB,LSTTRDT,119
2001,ascii,PERPUB,LSTTRDAY,120
2001,ascii,PERPUB,R_AGEWGT,121
2001,ascii,PERPUB,WTPERFIN,122
2001,ascii,PERPUB,EXPFLLPR,123
2001,ascii,PERPUB,HHSTATE,124
2001,ascii,PERPUB,HHSTFIPS,125
2001,ascii,PERPUB,HHC_MSA,126
2001,ascii,PERPUB,R_AGE,127
2001,ascii,PERPUB,YRTOUS,128
2001,ascii,PERPUB,HTPPOPDN,129
2001,ascii,PERPUB,HTHRESDN,130
2001,ascii,PERPUB,HBPPOPDN,131
2001,ascii,PERPUB,HBHRESDN,132
2001,ascii,PERPUB,HBHTNRNT,133
2001,ascii,PERPUB,HTEEMPDN,134
2001,ascii,PERPUB,HTHTNRNT,135
2001,ascii,PERPUB,PRMACT,136
2001,ascii,PERPUB,ENDTRAV,137
2001,ascii,PERPUB,BEGTRAV,138
2001,ascii,PERPUB,LIF_CYC,139
2001,ascii,PERPUB,DRVRCNT,140
2001,ascii,PERPUB,MSAPOP,141
2001,ascii,VEHPUB,HOUSEID,0
2001,ascii,VEHPUB,VHCASEID,1
2001,ascii,VEHPUB,VEHID,2
2001,ascii,VEHPUB,MSACAT,3
2001,ascii,VEHPUB,RAIL,4
2001,ascii,VEHPUB,CDIVMSAR,5
2001,ascii,VEHPUB,BEST_FLG,6
2001,ascii,VEHPUB,BEST_OUT,7
2001,ascii,VEHPUB,BEST_EDT,8
2001,ascii,VEHPUB,HBHUR,9
2001,ascii,VEHPUB,HTHUR,10
2001,ascii,VEHPUB,VEH12MNT,11
2001,ascii,VEHPUB,ESTMLCAT,12
2001,ascii,VEHPUB,VEHMLCAT,13
2001,ascii,VEHPUB,VEHTYPE,14
2001,ascii,VEHPUB,ANN_FLG,15
2001,ascii,VEHPUB,URBRUR,16
2001,ascii,VEHPUB,WHOMAIN,17
2001,ascii,VEHPUB,READATE1,18
2001,ascii,VEHPUB,READATE2,19
2001,ascii,VEHPUB,IMPTRACE,20
2001,ascii,VEHPUB,HHR_HISP,21
2001,ascii,VEHPUB,HHR_RACE,22
2001,ascii,VEHPUB,HHSIZE,23
2001,ascii,VEHPUB,CENSUS_R,24
2001,ascii,VEHPUB,CENSUS_D,25
2001,ascii,VEHPUB,OWNUNIT,26
2001,ascii,VEHPUB,MAINDRVR,27
2001,ascii,VEHPUB,TDBOA911,28
2001,ascii,VEHPUB,TRAVDAY,29
2001,ascii,VEHPUB,SMPLAREA,30
2001,ascii,VEHPUB,SMPLFIRM,31
2001,ascii,VEHPUB,SMPLSRCE,32
2001,ascii,VEHPUB,TDAYDATE,33
2001,ascii,VEHPUB,HOMEOWN,34
2001,ascii,VEHPUB,HOMETYPE,35
2001,ascii,VEHPUB,HHINCTTL,36
2001,ascii,VEHPUB,RATIO16V,37
2001,ascii,VEHPUB,RATIO16W,38
2001,ascii,VEHPUB,RATIOWV,39
2001,ascii,VEHPUB,LANG,40
2001,ascii,VEHPUB,URBAN,41
2001,ascii,VEHPUB,MSASIZE,42
2001,ascii,VEHPUB,LIF_CYC,43
2001,ascii,VEHPUB,EXPFLHHN,44
2001,ascii,VEHPUB,WTHHNTL,45
2001,ascii,VEHPUB,VTYPFUEL,46
2001,ascii,VEHPUB,EPATMPGF,47
2001,ascii,VEHPUB,EPATMPG,48
2001,ascii,VEHPUB,BTUYEAR,49
2001,ascii,VEHPUB,BTUTCOST,50
2001,ascii,VEHPUB,EIADMPG,51
2001,ascii,VEHPUB,BTUCOST,52
2001,ascii,VEHPUB,FUELTYPE,53
2001,ascii,VEHPUB,OD_READ2,54
2001,ascii,VEHPUB,EXPFLLHH,55
2001,ascii,VEHPUB,WTHHFIN,56
2001,ascii,VEHPUB,ANNUALZD,57
2001,ascii,VEHPUB,ANULZDSE,58
2001,ascii,VEHPUB,BESTMILE,59
2001,ascii,VEHPUB,GSCOST,60
2001,ascii,VEHPUB,GSTOTCST,61
2001,ascii,VEHPUB,GSYRGAL,62
2001,ascii,VEHPUB,READDIFF,63
2001,ascii,VEHPUB,VEHOWNMO,64
2001,ascii,VEHPUB,VEHMILES,65
2001,ascii,VEHPUB,ESTMILES,66
2001,ascii,VEHPUB,ANMLTYR,67
2001,ascii,VEHPUB,ANNMILES,68
2001,ascii,VEHPUB,OD_READ1,69
2001,ascii,VEHPUB,HHSTATE,70
2001,ascii,VEHPUB,HHSTFIPS,71
2001,ascii,VEHPUB,HHC_MSA,72
2001,ascii,VEHPUB,VEHYEAR,73
2001,ascii,VEHPUB,MAKECODE,74
2001,ascii,VEHPUB,MODLCODE,75
2001,ascii,VEHPUB,HTPPOPDN,76
2001,ascii,VEHPUB,HTHRESDN,77
2001,ascii,VEHPUB,HBPPOPDN,78
2001,ascii,VEHPUB,HBHRESDN,79
2001,ascii,VEHPUB,HBHTNRNT,80
2001,ascii,VEHPUB,HTEEMPDN,81
2001,ascii,VEHPUB,HTHTNRNT,82
2001,ascii,VEHPUB,VEHAGE,83
2001,ascii,VEHPUB,ENDTRAV,84
2001,ascii,VEHPUB,BEGTRAV,85
2001,ascii,VEHPUB,HHFAMINC,86
2001,ascii,VEHPUB,NUMADLT,87
2001,ascii,VEHPUB,HHVEHCNT,88
2001,ascii,VEHPUB,WRKCOUNT,89
2001,ascii,VEHPUB,DRVRCNT,90
2001,ascii,VEHPUB,MSAPOP,91
2009,ascii,DAYV2PUB,HOUSEID,0
2009,ascii,DAYV2PUB,PERSONID,1
2009,ascii,DAYV2PUB,FRSTHM,2
2009,ascii,DAYV2PUB,OUTOFTWN,3
2009,ascii,DAYV2PUB,ONTD_P1,4
2009,ascii,DAYV2PUB,ONTD_P2,5
2009,ascii,DAYV2PUB,ONTD_P3,6
2009,ascii,DAYV2PUB,ONTD_P4,7
2009,ascii,DAYV2PUB,ONTD_P5,8
2009,ascii,DAYV2PUB,ONTD_P6,9
2009,ascii,DAYV2PUB,ONTD_P7,10
2009,ascii,DAYV2PUB,ONTD_P8,11
2009,ascii,DAYV2PUB,ONTD_P9,12
2009,ascii,DAYV2PUB,ONTD_P10,13
2009,ascii,DAYV2PUB,ONTD_P11,14
2009,ascii,DAYV2PUB,ONTD_P12,15
2009,ascii,DAYV2PUB,ONTD_P13,16
2009,ascii,DAYV2PUB,ONTD_P14,17
2009,ascii,DAYV2PUB,ONTD_P15,18
2009,ascii,DAYV2PUB,TDCASEID,19
2009,ascii,DAYV2PUB,HH_HISP,20
2009,ascii,DAYV2PUB,HH_RACE,21
2009,ascii,DAYV2PUB,DRIVER,22
2009,ascii,DAYV2PUB,R_SEX,23
2009,ascii,DAYV2PUB,WORKER,24
2009,ascii,DAYV2PUB,DRVRCNT,25
2009,ascii,DAYV2PUB,HHFAMINC,26
2009,ascii,DAYV2PUB,HHSIZE,27
2009,ascii,DAYV2PUB,HHVEHCNT,28
2009,ascii,DAYV2PUB,NUMADLT,29
2009,ascii,DAYV2PUB,FLAG100,30
2009,ascii,DAYV2PUB,LIF_CYC,31
2009,ascii,DAYV2PUB,TRIPPURP,32
2009,ascii,DAYV2PUB,AWAYHOME,33
2009,ascii,DAYV2PUB,CDIVMSAR,34
2009,ascii,DAYV2PUB,CENSUS_D,35
2009,ascii,DAYV2PUB,CENSUS_R,36
2009,ascii,DAYV2PUB,DROP_PRK,37
2009,ascii,DAYV2PUB,DRVR_FLG,38
2009,ascii,DAYV2PUB,EDUC,39
2009,ascii,DAYV2PUB,ENDTIME,40
2009,ascii,DAYV2PUB,HH_ONTD,41
2009,ascii,DAYV2PUB,HHMEMDRV,42
2009,ascii,DAYV2PUB,HHRESP,43
2009,ascii,DAYV2PUB,HHSTATE,44
2009,ascii,DAYV2PUB,HHSTFIPS,45
2009,ascii,DAYV2PUB,INTSTATE,46
2009,ascii,DAYV2PUB,MSACAT,47
2009,ascii,DAYV2PUB,MSASIZE,48
2009,ascii,DAYV2PUB,NONHHCNT,49
2009,ascii,DAYV2PUB,NUMONTRP,50
2009,ascii,DAYV2PUB,PAYTOLL,51
2009,ascii,DAYV2PUB,PRMACT,52
2009,ascii,DAYV2PUB,PROXY,53
2009,ascii,DAYV2PUB,PSGR_FLG,54
2009,ascii,DAYV2PUB,R_AGE,55
2009,ascii,DAYV2PUB,RAIL,56
2009,ascii,DAYV2PUB,STRTTIME,57
2009,ascii,DAYV2PUB,TRACC1,58
2009,ascii,DAYV2PUB,TRACC2,59
2009,ascii,DAYV2PUB,TRACC3,60
2009,ascii,DAYV2PUB,TRACC4,61
2009,ascii,DAYV2PUB,TRACC5,62
2009,ascii,DAYV2PUB,TRACCTM,63
2009,ascii,DAYV2PUB,TRAVDAY,64
2009,ascii,DAYV2PUB,TREGR1,65
2009,ascii,DAYV2PUB,TREGR2,66
2009,ascii,DAYV2PUB,TREGR3,67
2009,ascii,DAYV2PUB,TREGR4,68
2009,ascii,DAYV2PUB,TREGR5,69
2009,ascii,DAYV2PUB,TREGRTM,70
2009,ascii,DAYV2PUB,TRPACCMP,71
2009,ascii,DAYV2PUB,TRPHHACC,72
2009,ascii,DAYV2PUB,TRPHHVEH,73
2009,ascii,DAYV2PUB,TRPTRANS,74
2009,ascii,DAYV2PUB,TRVL_MIN,75
2009,ascii,DAYV2PUB,TRVLCMIN,76
2009,ascii,DAYV2PUB,TRWAITTM,77
2009,ascii,DAYV2PUB,URBAN,78
2009,ascii,DAYV2PUB,URBANSIZE,79
2009,ascii,DAYV2PUB,URBRUR,80
2009,ascii,DAYV2PUB,USEINTST,81
2009,ascii,DAYV2PUB,USEPUBTR,82
2009,ascii,DAYV2PUB,VEHID,83
2009,ascii,DAYV2PUB,WHODROVE,84
2009,ascii,DAYV2PUB,WHYFROM,85
2009,ascii,DAYV2PUB,WHYTO,86
2009,ascii,DAYV2PUB,WHYTRP1S,87
2009,ascii,DAYV2PUB,WRKCOUNT,88
2009,ascii,DAYV2PUB,DWELTIME,89
2009,ascii,DAYV2PUB,WHYTRP90,90
2009,ascii,DAYV2PUB,TDTRPNUM,91
2009,ascii,DAYV2PUB,TDWKND,92
2009,ascii,DAYV2PUB,TDAYDATE,93
2009,ascii,DAYV2PUB,TRPMILES,94
2009,ascii,DAYV2PUB,WTTRDFIN,95
2009,ascii,DAYV2PUB,VMT_MILE,96
2009,ascii,DAYV2PUB,PUBTRANS,97
2009,ascii,DAYV2PUB,HOMEOWN,98
2009,ascii,DAYV2PUB,HOMETYPE,99
2009,ascii,DAYV2PUB,HBHUR,100
2009,ascii,DAYV2PUB,HTRESDN,101
2009,ascii,DAYV2PUB,HTHTNRNT,102
2009,ascii,DAYV2PUB,HTPPOPDN,103
2009,ascii,DAYV2PUB,HTEEMPDN,104
2009,ascii,DAYV2PUB,HBRESDN,105
2009,ascii,DAYV2PUB,HBHTNRNT,106
2009,ascii,DAYV2PUB,HBPPOPDN,107
2009,ascii,DAYV2PUB,GASPRICE,108
2009,ascii,DAYV2PUB,VEHTYPE,109
2009,ascii,DAYV2PUB,HH_CBSA,110
2009,ascii,DAYV2PUB,HHC_MSA,111
2009,ascii,HHV2PUB,HOUSEID,0
2009,ascii,HHV2PUB,VARSTRAT,1
2009,ascii,HHV2PUB,WTHHFIN,2
2009,ascii,HHV2PUB,DRVRCNT,3
2009,ascii,HHV2PUB,CDIVMSAR,4
2009,ascii,HHV2PUB,CENSUS_D,5
2009,ascii,HHV2PUB,CENSUS_R,6
2009,ascii,HHV2PUB,HH_HISP,7
2009,ascii,HHV2PUB,HH_RACE,8
2009,ascii,HHV2PUB,HHFAMINC,9
2009,ascii,HHV2PUB,HHRELATD,10
2009,ascii,HHV2PUB,HHRESP,11
2009,ascii,HHV2PUB,HHSIZE,12
2009,ascii,HHV2PUB,HHSTATE,13
2009,ascii,HHV2PUB,HHSTFIPS,14
2009,ascii,HHV2PUB,HHVEHCNT,15
2009,ascii,HHV2PUB,HOMEOWN,16
2009,ascii,HHV2PUB,HOMETYPE,17
2009,ascii,HHV2PUB,MSACAT,18
2009,ascii,HHV2PUB,MSASIZE,19
2009,ascii,HHV2PUB,NUMADLT,20
2009,ascii,HHV2PUB,RAIL,21
2009,ascii,HHV2PUB,RESP_CNT,22
2009,ascii,HHV2PUB,SCRESP,23
2009,ascii,HHV2PUB,TRAVDAY,24
2009,ascii,HHV2PUB,URBAN,25
2009,ascii,HHV2PUB,URBANSIZE,26
2009,ascii,HHV2PUB,URBRUR,27
2009,ascii,HHV2PUB,WRKCOUNT,28
2009,ascii,HHV2PUB,TDAYDATE,29
2009,ascii,HHV2PUB,FLAG100,30
2009,ascii,HHV2PUB,LIF_CYC,31
2009,ascii,HHV2PUB,CNTTDHH,32
2009,ascii,HHV2PUB,HBHUR,33
2009,ascii,HHV2PUB,HTRESDN,34
2009,ascii,HHV2PUB,HTHTNRNT,35
2009,ascii,HHV2PUB,HTPPOPDN,36
2009,ascii,HHV2PUB,HTEEMPDN,37
2009,ascii,HHV2PUB,HBRESDN,38
2009,ascii,HHV2PUB,HBHTNRNT,39
2009,ascii,HHV2PUB,HBPPOPDN,40
2009,ascii,HHV2PUB,HH_CBSA,41
2009,ascii,HHV2PUB,HHC_MSA,42
2009,ascii,PERV2PUB,HOUSEID,0
2009,ascii,PERV2PUB,PERSONID,1
2009,ascii,PERV2PUB,VARSTRAT,2
2009,ascii,PERV2PUB,WTPERFIN,3
2009,ascii,PERV2PUB,SFWGT,4
2009,ascii,PERV2PUB,HH_HISP,5
2009,ascii,PERV2PUB,HH_RACE,6
2009,ascii,PERV2PUB,DRVRCNT,7
2009,ascii,PERV2PUB,HHFAMINC,8
2009,ascii,PERV2PUB,HHSIZE,9
2009,ascii,PERV2PUB,HHVEHCNT,10
2009,ascii,PERV2PUB,NUMADLT,11
2009,ascii,PERV2PUB,WRKCOUNT,12
2009,ascii,PERV2PUB,FLAG100,13
2009,ascii,PERV2PUB,LIF_CYC,14
2009,ascii,PERV2PUB,CNTTDTR,15
2009,ascii,PERV2PUB,BORNINUS,16
2009,ascii,PERV2PUB,CARRODE,17
2009,ascii,PERV2PUB,CDIVMSAR,18
2009,ascii,PERV2PUB,CENSUS_D,19
2009,ascii,PERV2PUB,CENSUS_R,20
2009,ascii,PERV2PUB,CONDNIGH,21
2009,ascii,PERV2PUB,CONDPUB,22
2009,ascii,PERV2PUB,CONDRIDE,23
2009,ascii,PERV2PUB,CONDRIVE,24
2009,ascii,PERV2PUB,CONDSPEC,25
2009,ascii,PERV2PUB,CONDTAX,26
2009,ascii,PERV2PUB,CONDTRAV,27
2009,ascii,PERV2PUB,DELIVER,28
2009,ascii,PERV2PUB,DIARY,29
2009,ascii,PERV2PUB,DISTTOSC,30
2009,ascii,PERV2PUB,DRIVER,31
2009,ascii,PERV2PUB,DTACDT,32
2009,ascii,PERV2PUB,DTCONJ,33
2009,ascii,PERV2PUB,DTCOST,34
2009,ascii,PERV2PUB,DTRAGE,35
2009,ascii,PERV2PUB,DTRAN,36
2009,ascii,PERV2PUB,DTWALK,37
2009,ascii,PERV2PUB,EDUC,38
2009,ascii,PERV2PUB,EVERDROV,39
2009,ascii,PERV2PUB,FLEXTIME,40
2009,ascii,PERV2PUB,FMSCSIZE,41
2009,ascii,PERV2PUB,FRSTHM,42
2009,ascii,PERV2PUB,FXDWKPL,43
2009,ascii,PERV2PUB,GCDWORK,44
2009,ascii,PERV2PUB,GRADE,45
2009,ascii,PERV2PUB,GT1JBLWK,46
2009,ascii,PERV2PUB,HHRESP,47
2009,ascii,PERV2PUB,HHSTATE,48
2009,ascii,PERV2PUB,HHSTFIPS,49
2009,ascii,PERV2PUB,ISSUE,50
2009,ascii,PERV2PUB,OCCAT,51
2009,ascii,PERV2PUB,LSTTRDAY,52
2009,ascii,PERV2PUB,MCUSED,53
2009,ascii,PERV2PUB,MEDCOND,54
2009,ascii,PERV2PUB,MEDCOND6,55
2009,ascii,PERV2PUB,MOROFTEN,56
2009,ascii,PERV2PUB,MSACAT,57
2009,ascii,PERV2PUB,MSASIZE,58
2009,ascii,PERV2PUB,NBIKETRP,59
2009,ascii,PERV2PUB,NWALKTRP,60
2009,ascii,PERV2PUB,OUTCNTRY,61
2009,ascii,PERV2PUB,OUTOFTWN,62
2009,ascii,PERV2PUB,PAYPROF,63
2009,ascii,PERV2PUB,PRMACT,64
2009,ascii,PERV2PUB,PROXY,65
2009,ascii,PERV2PUB,PTUSED,66
2009,ascii,PERV2PUB,PURCHASE,67
2009,ascii,PERV2PUB,R_AGE,68
2009,ascii,PERV2PUB,R_RELAT,69
2009,ascii,PERV2PUB,R_SEX,70
2009,ascii,PERV2PUB,RAIL,71
2009,ascii,PERV2PUB,SAMEPLC,72
2009,ascii,PERV2PUB,SCHCARE,73
2009,ascii,PERV2PUB,SCHCRIM,74
2009,ascii,PERV2PUB,SCHDIST,75
2009,ascii,PERV2PUB,SCHSPD,76
2009,ascii,PERV2PUB,SCHTRAF,77
2009,ascii,PERV2PUB,SCHTRN1,78
2009,ascii,PERV2PUB,SCHTRN2,79
2009,ascii,PERV2PUB,SCHTYP,80
2009,ascii,PERV2PUB,SCHWTHR,81
2009,ascii,PERV2PUB,SELF_EMP,82
2009,ascii,PERV2PUB,TIMETOSC,83
2009,ascii,PERV2PUB,TIMETOWK,84
2009,ascii,PERV2PUB,TOSCSIZE,85
2009,ascii,PERV2PUB,TRAVDAY,86
2009,ascii,PERV2PUB,URBAN,87
2009,ascii,PERV2PUB,URBANSIZE,88
2009,ascii,PERV2PUB,URBRUR,89
2009,ascii,PERV2PUB,USEINTST,90
2009,ascii,PERV2PUB,USEPUBTR,91
2009,ascii,PERV2PUB,WEBUSE,92
2009,ascii,PERV2PUB,WKFMHMXX,93
2009,ascii,PERV2PUB,WKFTPT,94
2009,ascii,PERV2PUB,WKRMHM,95
2009,ascii,PERV2PUB,WKSTFIPS,96
2009,ascii,PERV2PUB,WORKER,97
2009,ascii,PERV2PUB,WRKTIME,98
2009,ascii,PERV2PUB,WRKTRANS,99
2009,ascii,PERV2PUB,YEARMILE,100
2009,ascii,PERV2PUB,YRMLCAP,101
2009,ascii,PERV2PUB,YRTOUS,102
2009,ascii,PERV2PUB,DISTTOWK,103
2009,ascii,PERV2PUB,TDAYDATE,104
2009,ascii,PERV2PUB,HOMEOWN,105
2009,ascii,PERV2PUB,HOMETYPE,106
2009,ascii,PERV2PUB,HBHUR,107
2009,ascii,PERV2PUB,HTRESDN,108
2009,ascii,PERV2PUB,HTHTNRNT,109
2009,ascii,PERV2PUB,HTPPOPDN,110
2009,ascii,PERV2PUB,HTEEMPDN,111
2009,ascii,PERV2PUB,HBRESDN,112
2009,ascii,PERV2PUB,HBHTNRNT,113
2009,ascii,PERV2PUB,HBPPOPDN,114
2009,ascii,PERV2PUB,HH_CBSA,115
2009,ascii,PERV2PUB,HHC_MSA,116
2009,ascii,VEHV2PUB,HOUSEID,0
2009,ascii,VEHV2PUB,WTHHFIN,1
2009,ascii,VEHV2PUB,VEHID,2
2009,ascii,VEHV2PUB,DRVRCNT,3
2009,ascii,VEHV2PUB,HHFAMINC,4
2009,ascii,VEHV2PUB,HHSIZE,5
2009,ascii,VEHV2PUB,HHVEHCNT,6
2009,ascii,VEHV2PUB,NUMADLT,7
2009,ascii,VEHV2PUB,FLAG100,8
2009,ascii,VEHV2PUB,CDIVMSAR,9
2009,ascii,VEHV2PUB,CENSUS_D,10
2009,ascii,VEHV2PUB,CENSUS_R,11
2009,ascii,VEHV2PUB,HHSTATE,12
2009,ascii,VEHV2PUB,HHSTFIPS,13
2009,ascii,VEHV2PUB,HYBRID,14
2009,ascii,VEHV2PUB,MAKECODE,15
2009,ascii,VEHV2PUB,MODLCODE,16
2009,ascii,VEHV2PUB,MSACAT,17
2009,ascii,VEHV2PUB,MSASIZE,18
2009,ascii,VEHV2PUB,OD_READ,19
2009,ascii,VEHV2PUB,RAIL,20
2009,ascii,VEHV2PUB,TRAVDAY,21
2009,ascii,VEHV2PUB,URBAN,22
2009,ascii,VEHV2PUB,URBANSIZE,23
2009,ascii,VEHV2PUB,URBRUR,24
2009,ascii,VEHV2PUB,VEHCOMM,25
2009,ascii,VEHV2PUB,VEHOWNMO,26
2009,ascii,VEHV2PUB,VEHYEAR,27
2009,ascii,VEHV2PUB,WHOMAIN,28
2009,ascii,VEHV2PUB,WRKCOUNT,29
2009,ascii,VEHV2PUB,TDAYDATE,30
2009,ascii,VEHV2PUB,VEHAGE,31
2009,ascii,VEHV2PUB,PERSONID,32
2009,ascii,VEHV2PUB,HH_HISP,33
2009,ascii,VEHV2PUB,HH_RACE,34
2009,ascii,VEHV2PUB,HOMEOWN,35
2009,ascii,VEHV2PUB,HOMETYPE,36
2009,ascii,VEHV2PUB,LIF_CYC,37
2009,ascii,VEHV2PUB,ANNMILES,38
2009,ascii,VEHV2PUB,HBHUR,39
2009,ascii,VEHV2PUB,HTRESDN,40
2009,ascii,VEHV2PUB,HTHTNRNT,41
2009,ascii,VEHV2PUB,HTPPOPDN,42
2009,ascii,VEHV2PUB,HTEEMPDN,43
2009,ascii,VEHV2PUB,HBRESDN,44
2009,ascii,VEHV2PUB,HBHTNRNT,45
2009,ascii,VEHV2PUB,HBPPOPDN,46
2009,ascii,VEHV2PUB,BEST_FLG,47
2009,ascii,VEHV2PUB,BESTMILE,48
2009,ascii,VEHV2PUB,BEST_EDT,49
2009,ascii,VEHV2PUB,BEST_OUT,50
2009,ascii,VEHV2PUB,FUELTYPE,51
2009,ascii,VEHV2PUB,GSYRGAL,52
2009,ascii,VEHV2PUB,GSCOST,53
2009,ascii,VEHV2PUB,GSTOTCST,54
2009,ascii,VEHV2PUB,EPATMPG,55
2009,ascii,VEHV2PUB,EPATMPGF,56
2009,ascii,VEHV2PUB,EIADMPG,57
2009,ascii,VEHV2PUB,VEHTYPE,58
2009,ascii,VEHV2PUB,HH_CBSA,59
2009,ascii,VEHV2PUB,HHC_MSA,60
2017,csv,hhpub,HOUSEID,0
2017,csv,hhpub,TRAVDAY,1
2017,csv,hhpub,SAMPSTRAT,2
2017,csv,hhpub,HOMEOWN,3
2017,csv,hhpub,HHSIZE,4
2017,csv,hhpub,HHVEHCNT,5
2017,csv,hhpub,HHFAMINC,6
2017,csv,hhpub,PC,7
2017,csv,hhpub,SPHONE,8
2017,csv,hhpub,TAB,9
2017,csv,hhpub,WALK,10
2017,csv,hhpub,BIKE,11
2017,csv,hhpub,CAR,12
2017,csv,hhpub,TAXI,13
2017,csv,hhpub,BUS,14
2017,csv,hhpub,TRAIN,15
2017,csv,hhpub,PARA,16
2017,csv,hhpub,PRICE,17
2017,csv,hhpub,PLACE,18
2017,csv,hhpub,WALK2SAVE,19
2017,csv,hhpub,BIKE2SAVE,20
2017,csv,hhpub,PTRANS,21
2017,csv,hhpub,HHRELATD,22
2017,csv,hhpub,DRVRCNT,23
2017,csv,hhpub,CNTTDHH,24
2017,csv,hhpub,HHSTATE,25
2017,csv,hhpub,HHSTFIPS,26
2017,csv,hhpub,NUMADLT,27
2017,csv,hhpub,YOUNGCHILD,28
2017,csv,hhpub,WRKCOUNT,29
2017,csv,hhpub,TDAYDATE,30
2017,csv,hhpub,HHRESP,31
2017,csv,hhpub,LIF_CYC,32
2017,csv,hhpub,MSACAT,33
2017,csv,hhpub,MSASIZE,34
2017,csv,hhpub,RAIL,35
2017,csv,hhpub,URBAN,36
2017,csv,hhpub,URBANSIZE,37
2017,csv,hhpub,URBRUR,38
2017,csv,hhpub,SCRESP,39
2017,csv,hhpub,CENSUS_D,40
2017,csv,hhpub,CENSUS_R,41
2017,csv,hhpub,CDIVMSAR,42
2017,csv,hhpub,HH_RACE,43
2017,csv,hhpub,HH_HISP,44
2017,csv,hhpub,HH_CBSA,45
2017,csv,hhpub,RESP_CNT,46
2017,csv,hhpub,WEBUSE17,47
2017,csv,hhpub,SMPLSRCE,48
2017,csv,hhpub,WTHHFIN,49
2017,csv,hhpub,HBHUR,50
2017,csv,hhpub,HTHTNRNT,51
2017,csv,hhpub,HTPPOPDN,52
2017,csv,hhpub,HTRESDN,53
2017,csv,hhpub,HTEEMPDN,54
2017,csv,hhpub,HBHTNRNT,55
2017,csv,hhpub,HBPPOPDN,56
2017,csv,hhpub,HBRESDN,57
2017,csv,perpub,HOUSEID,0
2017,csv,perpub,PERSONID,1
2017,csv,perpub,R_AGE,2
2017,csv,perpub,EDUC,3
2017,csv,perpub,R_HISP,4
2017,csv,perpub,R_RELAT,5
2017,csv,perpub,R_SEX,6
2017,csv,perpub,R_RACE,7
2017,csv,perpub,PRMACT,8
2017,csv,perpub,PAYPROF,9
2017,csv,perpub,GT1JBLWK,10
2017,csv,perpub,WRK_HOME,11
2017,csv,perpub,WKFTPT,12
2017,csv,perpub,WRKTRANS,13
2017,csv,perpub,LSTTRDAY17,14
2017,csv,perpub,OCCAT,15
2017,csv,perpub,SCHTYP,16
2017,csv,perpub,NWALKTRP,17
2017,csv,perpub,WALK4EX,18
2017,csv,perpub,NBIKETRP,19
2017,csv,perpub,BIKE4EX,20
2017,csv,perpub,BIKESHARE,21
2017,csv,perpub,PTUSED,22
2017,csv,perpub,MCUSED,23
2017,csv,perpub,CARSHARE,24
2017,csv,perpub,RIDESHARE,25
2017,csv,perpub,CARRODE,26
2017,csv,perpub,TIMETOWK,27
2017,csv,perpub,NOCONG,28
2017,csv,perpub,PUBTIME,29
2017,csv,perpub,WRKTIME,30
2017,csv,perpub,WKRMHM,31
2017,csv,perpub,FLEXTIME,32
2017,csv,perpub,WKFMHMXX,33
2017,csv,perpub,SCHTRN1,34
2017,csv,perpub,SCHTRN2,35
2017,csv,perpub,DELIVER,36
2017,csv,perpub,MEDCOND,37
2017,csv,perpub,MEDCOND6,38
2017,csv,perpub,HEALTH,39
2017,csv,perpub,PHYACT,40
2017,csv,perpub,VPACT,41
2017,csv,perpub,LPACT,42
2017,csv,perpub,BORNINUS,43
2017,csv,perpub,YRTOUS,44
2017,csv,perpub,YEARMILE,45
2017,csv,perpub,PROXY,46
2017,csv,perpub,WHOPROXY,47
2017,csv,perpub,USEPUBTR,48
2017,csv,perpub,SAMEPLC,49
2017,csv,perpub,W_NONE,50
2017,csv,perpub,W_CANE,51
2017,csv,perpub,W_WLKR,52
2017,csv,perpub,W_WHCANE,53
2017,csv,perpub,W_DOG,54
2017,csv,perpub,W_CRUTCH,55
2017,csv,perpub,W_SCOOTR,56
2017,csv,perpub,W_CHAIR,57
2017,csv,perpub,W_MTRCHR,58
2017,csv,perpub,WORKER,59
2017,csv,perpub,DIARY,60
2017,csv,perpub,OUTCNTRY,61
2017,csv,perpub,FRSTHM17,62
2017,csv,perpub,CNTTDTR,63
2017,csv,perpub,GCDWORK,64
2017,csv,perpub,WKSTFIPS,65
2017,csv,perpub,DRIVER,66
2017,csv,perpub,OUTOFTWN,67
2017,csv,perpub,DISTTOWK17,68
2017,csv,perpub,DISTTOSC17,69
2017,csv,perpub,R_AGE_IMP,70
2017,csv,perpub,R_SEX_IMP,71
2017,csv,perpub,ALT_16,72
2017,csv,perpub,ALT_23,73
2017,csv,perpub,ALT_45,74
2017,csv,perpub,WALK_DEF,75
2017,csv,perpub,WALK_GKQ,76
2017,csv,perpub,BIKE_DFR,77
2017,csv,perpub,BIKE_GKP,78
2017,csv,perpub,CONDTRAV,79
2017,csv,perpub,CONDRIDE,80
2017,csv,perpub,CONDNIGH,81
2017,csv,perpub,CONDRIVE,82
2017,csv,perpub,CONDPUB,83
2017,csv,perpub,CONDSPEC,84
2017,csv,perpub,CONDTAX,85
2017,csv,perpub,TRAVDAY,86
2017,csv,perpub,HOMEOWN,87
2017,csv,perpub,HHSIZE,88
2017,csv,perpub,HHVEHCNT,89
2017,csv,perpub,HHFAMINC,90
2017,csv,perpub,DRVRCNT,91
2017,csv,perpub,HHSTATE,92
2017,csv,perpub,HHSTFIPS,93
2017,csv,perpub,NUMADLT,94
2017,csv,perpub,WRKCOUNT,95
2017,csv,perpub,TDAYDATE,96
2017,csv,perpub,HHRESP,97
2017,csv,perpub,LIF_CYC,98
2017,csv,perpub,MSACAT,99
2017,csv,perpub,MSASIZE,100
2017,csv,perpub,RAIL,101
2017,csv,perpub,URBAN,102
2017,csv,perpub,URBANSIZE,103
2017,csv,perpub,URBRUR,104
2017,csv,perpub,CENSUS_D,105
2017,csv,perpub,CENSUS_R,106
2017,csv,perpub,CDIVMSAR,107
2017,csv,perpub,HH_RACE,108
2017,csv,perpub,HH_HISP,109
2017,csv,perpub,HH_CBSA,110
2017,csv,perpub,SMPLSRCE,111
2017,csv,perpub,WTPERFIN,112
2017,csv,perpub,HBHUR,113
2017,csv,perpub,HTHTNRNT,114
2017,csv,perpub,HTPPOPDN,115
2017,csv,perpub,HTRESDN,116
2017,csv,perpub,HTEEMPDN,117
2017,csv,perpub,HBHTNRNT,118
2017,csv,perpub,HBPPOPDN,119
2017,csv,perpub,HBRESDN,120
2017,csv,trippub,HOUSEID,0
2017,csv,trippub,PERSONID,1
2017,csv,trippub,TDTRPNUM,2
2017,csv,trippub,STRTTIME,3
2017,csv,trippub,ENDTIME,4
2017,csv,trippub,TRVLCMIN,5
2017,csv,trippub,TRPMILES,6
2017,csv,trippub,TRPTRANS,7
2017,csv,trippub,TRPACCMP,8
2017,csv,trippub,TRPHHACC,9
2017,csv,trippub,VEHID,10
2017,csv,trippub,TRWAITTM,11
2017,csv,trippub,NUMTRANS,12
2017,csv,trippub,TRACCTM,13
2017,csv,trippub,DROP_PRK,14
2017,csv,trippub,TREGRTM,15
2017,csv,trippub,WHODROVE,16
2017,csv,trippub,WHYFROM,17
2017,csv,trippub,LOOP_TRIP,18
2017,csv,trippub,TRPHHVEH,19
2017,csv,trippub,HHMEMDRV,20
2017,csv,trippub,HH_ONTD,21
2017,csv,trippub,NONHHCNT,22
2017,csv,trippub,NUMONTRP,23
2017,csv,trippub,PSGR_FLG,24
2017,csv,trippub,PUBTRANS,25
2017,csv,trippub,TRIPPURP,26
2017,csv,trippub,DWELTIME,27
2017,csv,trippub,TDWKND,28
2017,csv,trippub,VMT_MILE,29
2017,csv,trippub,DRVR_FLG,30
2017,csv,trippub,WHYTRP1S,31
2017,csv,trippub,ONTD_P1,32
2017,csv,trippub,ONTD_P2,33
2017,csv,trippub,ONTD_P3,34
2017,csv,trippub,ONTD_P4,35
2017,csv,trippub,ONTD_P5,36
2017,csv,trippub,ONTD_P6,37
2017,csv,trippub,ONTD_P7,38
2017,csv,trippub,ONTD_P8,39
2017,csv,trippub,ONTD_P9,40
2017,csv,trippub,ONTD_P10,41
2017,csv,trippub,ONTD_P11,42
2017,csv,trippub,ONTD_P12,43
2017,csv,trippub,ONTD_P13,44
2017,csv,trippub,TDCASEID,45
2017,csv,trippub,TRACC_WLK,46
2017,csv,trippub,TRACC_POV,47
2017,csv,trippub,TRACC_BUS,48
2017,csv,trippub,TRACC_CRL,49
2017,csv,trippub,TRACC_SUB,50
2017,csv,trippub,TRACC_OTH,51
2017,csv,trippub,TREGR_WLK,52
2017,csv,trippub,TREGR_POV,53
2017,csv,trippub,TREGR_BUS,54
2017,csv,trippub,TREGR_CRL,55
2017,csv,trippub,TREGR_SUB,56
2017,csv,trippub,TREGR_OTH,57
2017,csv,trippub,WHYTO,58
2017,csv,trippub,TRAVDAY,59
2017,csv,trippub,HOMEOWN,60
2017,csv,trippub,HHSIZE,61
2017,csv,trippub,HHVEHCNT,62
2017,csv,trippub,HHFAMINC,63
2017,csv,trippub,DRVRCNT,64
2017,csv,trippub,HHSTATE,65
2017,csv,trippub,HHSTFIPS,66
2017,csv,trippub,NUMADLT,67
2017,csv,trippub,WRKCOUNT,68
2017,csv,trippub,TDAYDATE,69
2017,csv,trippub,HHRESP,70
2017,csv,trippub,LIF_CYC,71
2017,csv,trippub,MSACAT,72
2017,csv,trippub,MSASIZE,73
2017,csv,trippub,RAIL,74
2017,csv,trippub,URBAN,75
2017,csv,trippub,URBANSIZE,76
2017,csv,trippub,URBRUR,77
2017,csv,trippub,GASPRICE,78
2017,csv,trippub,CENSUS_D,79
2017,csv,trippub,CENSUS_R,80
2017,csv,trippub,CDIVMSAR,81
2017,csv,trippub,HH_RACE,82
2017,csv,trippub,HH_HISP,83
2017,csv,trippub,HH_CBSA,84
2017,csv,trippub,SMPLSRCE,85
2017,csv,trippub,R_AGE,86
2017,csv,trippub,EDUC,87
2017,csv,trippub,R_SEX,88
2017,csv,trippub,PRMACT,89
2017,csv,trippub,PROXY,90
2017,csv,trippub,WORKER,91
2017,csv,trippub,DRIVER,92
2017,csv,trippub,WTTRDFIN,93
2017,csv,trippub,WHYTRP90,94
2017,csv,trippub,TRPMILAD,95
2017,csv,trippub,R_AGE_IMP,96
2017,csv,trippub,R_SEX_IMP,97
2017,csv,trippub,VEHTYPE,98
2017,csv,trippub,OBHUR,99
2017,csv,trippub,DBHUR,100
2017,csv,trippub,OTHTNRNT,101
2017,csv,trippub,OTPPOPDN,102
2017,csv,trippub,OTRESDN,103
2017,csv,trippub,OTEEMPDN,104
2017,csv,trippub,OBHTNRNT,105
2017,csv,trippub,OBPPOPDN,106
2017,csv,trippub,OBRESDN,107
2017,csv,trippub,DTHTNRNT,108
2017,csv,trippub,DTPPOPDN,109
2017,csv,trippub,DTRESDN,110
2017,csv,trippub,DTEEMPDN,111
2017,csv,trippub,DBHTNRNT,112
2017,csv,trippub,DBPPOPDN,113
2017,csv,trippub,DBRESDN,114
2017,csv,vehpub,HOUSEID,0
2017,csv,vehpub,VEHID,1
2017,csv,vehpub,VEHYEAR,2
2017,csv,vehpub,VEHAGE,3
2017,csv,vehpub,MAKE,4
2017,csv,vehpub,MODEL,5
2017,csv,vehpub,FUELTYPE,6
2017,csv,vehpub,VEHTYPE,7
2017,csv,vehpub,WHOMAIN,8
2017,csv,vehpub,OD_READ,9
2017,csv,vehpub,HFUEL,10
2017,csv,vehpub,VEHOWNED,11
2017,csv,vehpub,VEHOWNMO,12
2017,csv,vehpub,ANNMILES,13
2017,csv,vehpub,HYBRID,14
2017,csv,vehpub,PERSONID,15
2017,csv,vehpub,TRAVDAY,16
2017,csv,vehpub,HOMEOWN,17
2017,csv,vehpub,HHSIZE,18
2017,csv,vehpub,HHVEHCNT,19
2017,csv,vehpub,HHFAMINC,20
2017,csv,vehpub,DRVRCNT,21
2017,csv,vehpub,HHSTATE,22
2017,csv,vehpub,HHSTFIPS,23
2017,csv,vehpub,NUMADLT,24
2017,csv,vehpub,WRKCOUNT,25
2017,csv,vehpub,TDAYDATE,26
2017,csv,vehpub,LIF_CYC,27
2017,csv,vehpub,MSACAT,28
2017,csv,vehpub,MSASIZE,29
2017,csv,vehpub,RAIL,30
2017,csv,vehpub,URBAN,31
2017,csv,vehpub,URBANSIZE,32
2017,csv,vehpub,URBRUR,33
2017,csv,vehpub,CENSUS_D,34
2017,csv,vehpub,CENSUS_R,35
2017,csv,vehpub,CDIVMSAR,36
2017,csv,vehpub,HH_RACE,37
2017,csv,vehpub,HH_HISP,38
2017,csv,vehpub,HH_CBSA,39
2017,csv,vehpub,SMPLSRCE,40
2017,csv,vehpub,WTHHFIN,41
2017,csv,vehpub,BESTMILE,42
2017,csv,vehpub,BEST_FLG,43
2017,csv,vehpub,BEST_EDT,44
2017,csv,vehpub,BEST_OUT,45
2017,csv,vehpub,HBHUR,46
2017,csv,vehpub,HTHTNRNT,47
2017,csv,vehpub,HTPPOPDN,48
2017,csv,vehpub,HTRESDN,49
2017,csv,vehpub,HTEEMPDN,50
2017,csv,vehpub,HBHTNRNT,51
2017,csv,vehpub,HBPPOPDN,52
2017,csv,vehpub,HBRESDN,53
2017,csv,vehpub,GSYRGAL,54
2017,csv,vehpub,GSTOTCST,55
2017,csv,vehpub,FEGEMPG,56
2017,csv,vehpub,FEGEMPGA,57
2017,csv,vehpub,GSCOST,58
2017,csv,vehpub,FEGEMPGF,59
2022,csv,hhv2pub,HOUSEID,0
2022,csv,hhv2pub,WTHHFIN,1
2022,csv,hhv2pub,WTHHFIN5D,2
2022,csv,hhv2pub,WTHHFIN2D,3
2022,csv,hhv2pub,NUMADLT,4
2022,csv,hhv2pub,HOMEOWN,5
2022,csv,hhv2pub,HOMETYPE,6
2022,csv,hhv2pub,RAIL,7
2022,csv,hhv2pub,CENSUS_D,8
2022,csv,hhv2pub,CENSUS_R,9
2022,csv,hhv2pub,HH_HISP,10
2022,csv,hhv2pub,DRVRCNT,11
2022,csv,hhv2pub,CNTTDHH,12
2022,csv,hhv2pub,CDIVMSAR,13
2022,csv,hhv2pub,FLAG100,14
2022,csv,hhv2pub,HHFAMINC,15
2022,csv,hhv2pub,HHFAMINC_IMP,16
2022,csv,hhv2pub,HH_RACE,17
2022,csv,hhv2pub,HHSIZE,18
2022,csv,hhv2pub,HHVEHCNT,19
2022,csv,hhv2pub,HHRELATD,20
2022,csv,hhv2pub,LIF_CYC,21
2022,csv,hhv2pub,MSACAT,22
2022,csv,hhv2pub,MSASIZE,23
2022,csv,hhv2pub,TRAVDAY,24
2022,csv,hhv2pub,URBAN,25
2022,csv,hhv2pub,URBANSIZE,26
2022,csv,hhv2pub,URBRUR,27
2022,csv,hhv2pub,PPT517,28
2022,csv,hhv2pub,YOUNGCHILD,29
2022,csv,hhv2pub,RESP_CNT,30
2022,csv,hhv2pub,URBRUR_2010,31
2022,csv,hhv2pub,TDAYDATE,32
2022,csv,hhv2pub,WRKCOUNT,33
2022,csv,hhv2pub,STRATUMID,34
2022,csv,hhv2pub,HBHUR,35
2022,csv,hhv2pub,HTHTNRNT,36
2022,csv,hhv2pub,HTPPOPDN,37
2022,csv,hhv2pub,HTRESDN,38
2022,csv,hhv2pub,HTEEMPDN,39
2022,csv,hhv2pub,HBHTNRNT,40
2022,csv,hhv2pub,HBPPOPDN,41
2022,csv,hhv2pub,HBRESDN,42
2022,csv,ldtv2pub,HOUSEID,0
2022,csv,ldtv2pub,PERSONID,1
2022,csv,ldtv2pub,LONGDIST,2
2022,csv,ldtv2pub,MAINMODE,3
2022,csv,ldtv2pub,INT_FLAG,4
2022,csv,ldtv2pub,LD_NUMONTRP,5
2022,csv,ldtv2pub,ONTP_P1,6
2022,csv,ldtv2pub,ONTP_P2,7
2022,csv,ldtv2pub,ONTP_P3,8
2022,csv,ldtv2pub,ONTP_P4,9
2022,csv,ldtv2pub,ONTP_P5,10
2022,csv,ldtv2pub,ONTP_P6,11
2022,csv,ldtv2pub,ONTP_P7,12
2022,csv,ldtv2pub,ONTP_P8,13
2022,csv,ldtv2pub,ONTP_P9,14
2022,csv,ldtv2pub,ONTP_P10,15
2022,csv,ldtv2pub,FARREAS,16
2022,csv,ldtv2pub,LD_AMT,17
2022,csv,ldtv2pub,LD_ICB,18
2022,csv,ldtv2pub,LDT_FLAG,19
2022,csv,ldtv2pub,BEGTRIP,20
2022,csv,ldtv2pub,ENDTRIP,21
2022,csv,ldtv2pub,NTSAWAY,22
2022,csv,ldtv2pub,WEEKEND,23
2022,csv,ldtv2pub,MRT_DATE,24
2022,csv,ldtv2pub,FARCDIV,25
2022,csv,ldtv2pub,FARCREG,26
2022,csv,ldtv2pub,GCDTOT,27
2022,csv,ldtv2pub,AIRSIZE,28
2022,csv,ldtv2pub,EXITCDIV,29
2022,csv,ldtv2pub,GCD_FLAG,30
2022,csv,ldtv2pub,NUMADLT,31
2022,csv,ldtv2pub,HOMEOWN,32
2022,csv,ldtv2pub,RAIL,33
2022,csv,ldtv2pub,CENSUS_D,34
2022,csv,ldtv2pub,CENSUS_R,35
2022,csv,ldtv2pub,HH_HISP,36
2022,csv,ldtv2pub,DRVRCNT,37
2022,csv,ldtv2pub,CDIVMSAR,38
2022,csv,ldtv2pub,HHFAMINC,39
2022,csv,ldtv2pub,HHFAMINC_IMP,40
2022,csv,ldtv2pub,HH_RACE,41
2022,csv,ldtv2pub,HHSIZE,42
2022,csv,ldtv2pub,HHVEHCNT,43
2022,csv,ldtv2pub,LIF_CYC,44
2022,csv,ldtv2pub,MSACAT,45
2022,csv,ldtv2pub,MSASIZE,46
2022,csv,ldtv2pub,TRAVDAY,47
2022,csv,ldtv2pub,URBAN,48
2022,csv,ldtv2pub,URBANSIZE,49
2022,csv,ldtv2pub,URBRUR,50
2022,csv,ldtv2pub,TDAYDATE,51
2022,csv,ldtv2pub,WRKCOUNT,52
2022,csv,ldtv2pub,STRATUMID,53
2022,csv,ldtv2pub,WTPERFIN,54
2022,csv,ldtv2pub,WTPERFIN5D,55
2022,csv,ldtv2pub,WTPERFIN2D,56
2022,csv,ldtv2pub,R_AGE,57
2022,csv,ldtv2pub,R_SEX,58
2022,csv,ldtv2pub,WORKER,59
2022,csv,ldtv2pub,DRIVER,60
2022,csv,ldtv2pub,R_RACE,61
2022,csv,ldtv2pub,R_HISP,62
2022,csv,ldtv2pub,PROXY,63
2022,csv,ldtv2pub,EDUC,64
2022,csv,ldtv2pub,R_SEX_IMP,65
2022,csv,ldtv2pub,HBHUR,66
2022,csv,ldtv2pub,HTHTNRNT,67
2022,csv,ldtv2pub,HTPPOPDN,68
2022,csv,ldtv2pub,HTRESDN,69
2022,csv,ldtv2pub,HTEEMPDN,70
2022,csv,ldtv2pub,HBHTNRNT,71
2022,csv,ldtv2pub,HBPPOPDN,72
2022,csv,ldtv2pub,HBRESDN,73
2022,csv,perv2pub,HOUSEID,0
2022,csv,perv2pub,PERSONID,1
2022,csv,perv2pub,WTPERFIN,2
2022,csv,perv2pub,WTPERFIN5D,3
2022,csv,perv2pub,WTPERFIN2D,4
2022,csv,perv2pub,R_AGE,5
2022,csv,perv2pub,R_SEX,6
2022,csv,perv2pub,R_RELAT,7
2022,csv,perv2pub,WORKER,8
2022,csv,perv2pub,DRIVER,9
2022,csv,perv2pub,R_RACE,10
2022,csv,perv2pub,GCDWORK,11
2022,csv,perv2pub,OUTOFTWN,12
2022,csv,perv2pub,USEPUBTR,13
2022,csv,perv2pub,R_RACE_IMP,14
2022,csv,perv2pub,R_HISP,15
2022,csv,perv2pub,PROXY,16
2022,csv,perv2pub,WHOPROXY,17
2022,csv,perv2pub,EDUC,18
2022,csv,perv2pub,LAST30_TAXI,19
2022,csv,perv2pub,LAST30_RDSHR,20
2022,csv,perv2pub,LAST30_ESCT,21
2022,csv,perv2pub,LAST30_PT,22
2022,csv,perv2pub,LAST30_MTRC,23
2022,csv,perv2pub,LAST30_WALK,24
2022,csv,perv2pub,LAST30_BIKE,25
2022,csv,perv2pub,LAST30_BKSHR,26
2022,csv,perv2pub,TAXISERVICE,27
2022,csv,perv2pub,RIDESHARE22,28
2022,csv,perv2pub,ESCOOTERUSED,29
2022,csv,perv2pub,PTUSED,30
2022,csv,perv2pub,TRNPASS,31
2022,csv,perv2pub,MCTRANSIT,32
2022,csv,perv2pub,WALKTRANSIT,33
2022,csv,perv2pub,BIKETRANSIT,34
2022,csv,perv2pub,BIKESHARE22,35
2022,csv,perv2pub,USAGE1,36
2022,csv,perv2pub,USAGE2_1,37
2022,csv,perv2pub,USAGE2_2,38
2022,csv,perv2pub,USAGE2_3,39
2022,csv,perv2pub,USAGE2_4,40
2022,csv,perv2pub,USAGE2_5,41
2022,csv,perv2pub,USAGE2_6,42
2022,csv,perv2pub,USAGE2_7,43
2022,csv,perv2pub,USAGE2_8,44
2022,csv,perv2pub,USAGE2_9,45
2022,csv,perv2pub,USAGE2_10,46
2022,csv,perv2pub,QACSLAN1,47
2022,csv,perv2pub,QACSLAN3,48
2022,csv,perv2pub,PAYPROF,49
2022,csv,perv2pub,PRMACT,50
2022,csv,perv2pub,EMPLOYMENT2,51
2022,csv,perv2pub,DRIVINGOCCUPATION,52
2022,csv,perv2pub,DRIVINGVEHICLE,53
2022,csv,perv2pub,WRKLOC,54
2022,csv,perv2pub,WKFMHM22,55
2022,csv,perv2pub,WRKTRANS,56
2022,csv,perv2pub,EMPPASS,57
2022,csv,perv2pub,SCHOOL1,58
2022,csv,perv2pub,STUDE,59
2022,csv,perv2pub,SCHTYP,60
2022,csv,perv2pub,SCHOOL1C,61
2022,csv,perv2pub,SCHTRN1,62
2022,csv,perv2pub,DELIVER,63
2022,csv,perv2pub,DELIV_GOOD,64
2022,csv,perv2pub,DELIV_FOOD,65
2022,csv,perv2pub,DELIV_GROC,66
2022,csv,perv2pub,DELIV_PERS,67
2022,csv,perv2pub,RET_HOME,68
2022,csv,perv2pub,RET_PUF,69
2022,csv,perv2pub,RET_AMZ,70
2022,csv,perv2pub,RET_STORE,71
2022,csv,perv2pub,MEDCOND,72
2022,csv,perv2pub,MEDCOND6,73
2022,csv,perv2pub,W_CANE,74
2022,csv,perv2pub,W_WKCR,75
2022,csv,perv2pub,W_VISIMP,76
2022,csv,perv2pub,W_SCCH,77
2022,csv,perv2pub,W_CHAIR,78
2022,csv,perv2pub,W_NONE,79
2022,csv,perv2pub,CONDTRAV,80
2022,csv,perv2pub,CONDRIDE,81
2022,csv,perv2pub,CONDNIGH,82
2022,csv,perv2pub,CONDRIVE,83
2022,csv,perv2pub,CONDPUB,84
2022,csv,perv2pub,CONDSPEC,85
2022,csv,perv2pub,CONDSHARE,86
2022,csv,perv2pub,CONDNONE,87
2022,csv,perv2pub,CONDRF,88
2022,csv,perv2pub,FRSTHM,89
2022,csv,perv2pub,PARK,90
2022,csv,perv2pub,PARKHOME,91
2022,csv,perv2pub,PARKHOMEAMT,92
2022,csv,perv2pub,PARKHOMEAMT_PAMOUNT,93
2022,csv,perv2pub,PARKHOMEAMT_PAYTYPE,94
2022,csv,perv2pub,SAMEPLC,95
2022,csv,perv2pub,COV1_WK,96
2022,csv,perv2pub,COV1_SCH,97
2022,csv,perv2pub,COV1_PT,98
2022,csv,perv2pub,COV1_OHD,99
2022,csv,perv2pub,COV2_WK,100
2022,csv,perv2pub,COV2_SCH,101
2022,csv,perv2pub,COV2_PT,102
2022,csv,perv2pub,COV2_OHD,103
2022,csv,perv2pub,CNTTDTR,104
2022,csv,perv2pub,R_SEX_IMP,105
2022,csv,perv2pub,NUMADLT,106
2022,csv,perv2pub,HOMEOWN,107
2022,csv,perv2pub,RAIL,108
2022,csv,perv2pub,CENSUS_D,109
2022,csv,perv2pub,CENSUS_R,110
2022,csv,perv2pub,HH_HISP,111
2022,csv,perv2pub,DRVRCNT,112
2022,csv,perv2pub,CDIVMSAR,113
2022,csv,perv2pub,HHFAMINC,114
2022,csv,perv2pub,HH_RACE,115
2022,csv,perv2pub,HHSIZE,116
2022,csv,perv2pub,HHVEHCNT,117
2022,csv,perv2pub,LIF_CYC,118
2022,csv,perv2pub,MSACAT,119
2022,csv,perv2pub,MSASIZE,120
2022,csv,perv2pub,TRAVDAY,121
2022,csv,perv2pub,URBAN,122
2022,csv,perv2pub,URBANSIZE,123
2022,csv,perv2pub,URBRUR,124
2022,csv,perv2pub,TDAYDATE,125
2022,csv,perv2pub,WRKCOUNT,126
2022,csv,perv2pub,STRATUMID,127
2022,csv,perv2pub,HHFAMINC_IMP,128
2022,csv,perv2pub,WBHUR,129
2022,csv,perv2pub,SBHUR,130
2022,csv,perv2pub,WTHTNRNT,131
2022,csv,perv2pub,WTPPOPDN,132
2022,csv,perv2pub,WTRESDN,133
2022,csv,perv2pub,WTEEMPDN,134
2022,csv,perv2pub,WBHTNRNT,135
2022,csv,perv2pub,WBPPOPDN,136
2022,csv,perv2pub,WBRESDN,137
2022,csv,perv2pub,STHTNRNT,138
2022,csv,perv2pub,STPPOPDN,139
2022,csv,perv2pub,STRESDN,140
2022,csv,perv2pub,STEEMPDN,141
2022,csv,perv2pub,SBHTNRNT,142
2022,csv,perv2pub,SBPPOPDN,143
2022,csv,perv2pub,SBRESDN,144
2022,csv,perv2pub,HBHUR,145
2022,csv,perv2pub,HTHTNRNT,146
2022,csv,perv2pub,HTPPOPDN,147
2022,csv,perv2pub,HTRESDN,148
2022,csv,perv2pub,HTEEMPDN,149
2022,csv,perv2pub,HBHTNRNT,150
2022,csv,perv2pub,HBPPOPDN,151
2022,csv,perv2pub,HBRESDN,152
2022,csv,tripv2pub,HOUSEID,0
2022,csv,tripv2pub,PERSONID,1
2022,csv,tripv2pub,TRIPID,2
2022,csv,tripv2pub,SEQ_TRIPID,3
2022,csv,tripv2pub,VEHCASEID,4
2022,csv,tripv2pub,FRSTHM,5
2022,csv,tripv2pub,PARK,6
2022,csv,tripv2pub,HHMEMDRV,7
2022,csv,tripv2pub,TDWKND,8
2022,csv,tripv2pub,TRAVDAY,9
2022,csv,tripv2pub,LOOP_TRIP,10
2022,csv,tripv2pub,DWELTIME,11
2022,csv,tripv2pub,PUBTRANS,12
2022,csv,tripv2pub,TRIPPURP,13
2022,csv,tripv2pub,WHYFROM,14
2022,csv,tripv2pub,WHYTRP1S,15
2022,csv,tripv2pub,TRVLCMIN,16
2022,csv,tripv2pub,STRTTIME,17
2022,csv,tripv2pub,ENDTIME,18
2022,csv,tripv2pub,TRPHHVEH,19
2022,csv,tripv2pub,VEHID,20
2022,csv,tripv2pub,TRPTRANS,21
2022,csv,tripv2pub,NUMONTRP,22
2022,csv,tripv2pub,ONTD_P1,23
2022,csv,tripv2pub,ONTD_P2,24
2022,csv,tripv2pub,ONTD_P3,25
2022,csv,tripv2pub,ONTD_P4,26
2022,csv,tripv2pub,ONTD_P5,27
2022,csv,tripv2pub,ONTD_P6,28
2022,csv,tripv2pub,ONTD_P7,29
2022,csv,tripv2pub,ONTD_P8,30
2022,csv,tripv2pub,ONTD_P9,31
2022,csv,tripv2pub,ONTD_P10,32
2022,csv,tripv2pub,NONHHCNT,33
2022,csv,tripv2pub,HHACCCNT,34
2022,csv,tripv2pub,WHODROVE,35
2022,csv,tripv2pub,DRVR_FLG,36
2022,csv,tripv2pub,PSGR_FLG,37
2022,csv,tripv2pub,WHODROVE_IMP,38
2022,csv,tripv2pub,PARK2_PAMOUNT,39
2022,csv,tripv2pub,PARK2_PAYTYPE,40
2022,csv,tripv2pub,PARK2,41
2022,csv,tripv2pub,WHYTO,42
2022,csv,tripv2pub,WALK,43
2022,csv,tripv2pub,TRPMILES,44
2022,csv,tripv2pub,WTTRDFIN,45
2022,csv,tripv2pub,WTTRDFIN5D,46
2022,csv,tripv2pub,WTTRDFIN2D,47
2022,csv,tripv2pub,TDCASEID,48
2022,csv,tripv2pub,VMT_MILE,49
2022,csv,tripv2pub,GASPRICE,50
2022,csv,tripv2pub,WHYTRP90,51
2022,csv,tripv2pub,NUMADLT,52
2022,csv,tripv2pub,HOMEOWN,53
2022,csv,tripv2pub,RAIL,54
2022,csv,tripv2pub,CENSUS_D,55
2022,csv,tripv2pub,CENSUS_R,56
2022,csv,tripv2pub,HH_HISP,57
2022,csv,tripv2pub,DRVRCNT,58
2022,csv,tripv2pub,CDIVMSAR,59
2022,csv,tripv2pub,HHFAMINC,60
2022,csv,tripv2pub,HH_RACE,61
2022,csv,tripv2pub,HHSIZE,62
2022,csv,tripv2pub,HHVEHCNT,63
2022,csv,tripv2pub,LIF_CYC,64
2022,csv,tripv2pub,MSACAT,65
2022,csv,tripv2pub,MSASIZE,66
2022,csv,tripv2pub,URBAN,67
2022,csv,tripv2pub,URBANSIZE,68
2022,csv,tripv2pub,URBRUR,69
2022,csv,tripv2pub,TDAYDATE,70
2022,csv,tripv2pub,WRKCOUNT,71
2022,csv,tripv2pub,STRATUMID,72
2022,csv,tripv2pub,R_AGE,73
2022,csv,tripv2pub,R_SEX,74
2022,csv,tripv2pub,WORKER,75
2022,csv,tripv2pub,DRIVER,76
2022,csv,tripv2pub,R_RACE,77
2022,csv,tripv2pub,R_HISP,78
2022,csv,tripv2pub,PROXY,79
2022,csv,tripv2pub,EDUC,80
2022,csv,tripv2pub,PRMACT,81
2022,csv,tripv2pub,R_SEX_IMP,82
2022,csv,tripv2pub,VEHTYPE,83
2022,csv,tripv2pub,HHFAMINC_IMP,84
2022,csv,tripv2pub,OBHUR,85
2022,csv,tripv2pub,DBHUR,86
2022,csv,tripv2pub,TRIPMODE,87
2022,csv,tripv2pub,OTHTNRNT,88
2022,csv,tripv2pub,OTPPOPDN,89
2022,csv,tripv2pub,OTRESDN,90
2022,csv,tripv2pub,OTEEMPDN,91
2022,csv,tripv2pub,OBHTNRNT,92
2022,csv,tripv2pub,OBPPOPDN,93
2022,csv,tripv2pub,OBRESDN,94
2022,csv,tripv2pub,DTHTNRNT,95
2022,csv,tripv2pub,DTPPOPDN,96
2022,csv,tripv2pub,DTRESDN,97
2022,csv,tripv2pub,DTEEMPDN,98
2022,csv,tripv2pub,DBHTNRNT,99
2022,csv,tripv2pub,DBPPOPDN,100
2022,csv,tripv2pub,DBRESDN,101
2022,csv,vehv2pub,HOUSEID,0
2022,csv,vehv2pub,VEHID,1
2022,csv,vehv2pub,VEHYEAR,2
2022,csv,vehv2pub,MAKE,3
2022,csv,vehv2pub,HHVEHCNT,4
2022,csv,vehv2pub,VEHTYPE,5
2022,csv,vehv2pub,VEHFUEL,6
2022,csv,vehv2pub,VEHCOMMERCIAL,7
2022,csv,vehv2pub,VEHCOM_RS,8
2022,csv,vehv2pub,VEHCOM_DEL,9
2022,csv,vehv2pub,VEHCOM_OTH,10
2022,csv,vehv2pub,COMMERCIALFREQ,11
2022,csv,vehv2pub,HHVEHUSETIME_RS,12
2022,csv,vehv2pub,HHVEHUSETIME_DEL,13
2022,csv,vehv2pub,HHVEHUSETIME_OTH,14
2022,csv,vehv2pub,VEHOWNED,15
2022,csv,vehv2pub,WHOMAIN,16
2022,csv,vehv2pub,VEHCASEID,17
2022,csv,vehv2pub,ANNMILES,18
2022,csv,vehv2pub,HYBRID,19
2022,csv,vehv2pub,VEHAGE,20
2022,csv,vehv2pub,VEHOWNMO,21
2022,csv,vehv2pub,NUMADLT,22
2022,csv,vehv2pub,HOMEOWN,23
2022,csv,vehv2pub,RAIL,24
2022,csv,vehv2pub,CENSUS_D,25
2022,csv,vehv2pub,CENSUS_R,26
2022,csv,vehv2pub,HH_HISP,27
2022,csv,vehv2pub,DRVRCNT,28
2022,csv,vehv2pub,CDIVMSAR,29
2022,csv,vehv2pub,HHFAMINC,30
2022,csv,vehv2pub,HH_RACE,31
2022,csv,vehv2pub,HHSIZE,32
2022,csv,vehv2pub,LIF_CYC,33
2022,csv,vehv2pub,MSACAT,34
2022,csv,vehv2pub,MSASIZE,35
2022,csv,vehv2pub,TRAVDAY,36
2022,csv,vehv2pub,URBAN,37
2022,csv,vehv2pub,URBANSIZE,38
2022,csv,vehv2pub,URBRUR,39
2022,csv,vehv2pub,TDAYDATE,40
2022,csv,vehv2pub,WRKCOUNT,41
2022,csv,vehv2pub,STRATUMID,42
2022,csv,vehv2pub,WTHHFIN,43
2022,csv,vehv2pub,WTHHFIN5D,44
2022,csv,vehv2pub,WTHHFIN2D,45
2022,csv,vehv2pub,HHFAMINC_IMP,46
2022,csv,vehv2pub,HBHUR,47
2022,csv,vehv2pub,HTHTNRNT,48
2022,csv,vehv2pub,HTPPOPDN,49
2022,csv,vehv2pub,HTRESDN,50
2022,csv,vehv2pub,HTEEMPDN,51
2022,csv,vehv2pub,HBHTNRNT,52
2022,csv,vehv2pub,HBPPOPDN,53
2022,csv,vehv2pub,HBRESDN,54
