domain,column_name,year_count,years
household,AGE_P1,1,2001
household,AGE_P10,1,2001
household,AGE_P11,1,2001
household,AGE_P12,1,2001
household,AGE_P13,1,2001
household,AGE_P14,1,2001
household,AGE_P2,1,2001
household,AGE_P3,1,2001
household,AGE_P4,1,2001
household,AGE_P5,1,2001
household,AGE_P6,1,2001
household,AGE_P7,1,2001
household,AGE_P8,1,2001
household,AGE_P9,1,2001
household,BEGTRAV,1,2001
household,BIKE,1,2017
household,BIKE2SAVE,1,2017
household,BUS,1,2017
household,CAR,1,2017
household,CDIVMSAR,4,2001;2009;2017;2022
household,CENSUS_D,4,2001;2009;2017;2022
household,CENSUS_R,4,2001;2009;2017;2022
household,CNTTDHH,4,2001;2009;2017;2022
household,CNTTPHH,1,2001
household,DRVRCNT,4,2001;2009;2017;2022
household,DRV_P1,1,2001
household,DRV_P10,1,2001
household,DRV_P11,1,2001
household,DRV_P12,1,2001
household,DRV_P13,1,2001
household,DRV_P14,1,2001
household,DRV_P2,1,2001
household,DRV_P3,1,2001
household,DRV_P4,1,2001
household,DRV_P5,1,2001
household,DRV_P6,1,2001
household,DRV_P7,1,2001
household,DRV_P8,1,2001
household,DRV_P9,1,2001
household,ENDTRAV,1,2001
household,EXPFLHHN,1,2001
household,EXPFLLHH,1,2001
household,FLAG100,2,2009;2022
household,FLGFINCM,1,2001
household,HBHRESDN,1,2001
household,HBHTNRNT,4,2001;2009;2017;2022
household,HBHUR,4,2001;2009;2017;2022
household,HBPPOPDN,4,2001;2009;2017;2022
household,HBRESDN,3,2009;2017;2022
household,HHC_MSA,2,2001;2009
household,HHFAMINC,4,2001;2009;2017;2022
household,HHFAMINC_IMP,1,2022
household,HHINCTTL,1,2001
household,HHINTDT,1,2001
household,HHMNINC,1,2001
household,HHNUMBIK,1,2001
household,HHRELATD,3,2009;2017;2022
household,HHRESP,3,2001;2009;2017
household,HHR_AGE,1,2001
household,HHR_DRVR,1,2001
household,HHR_EDUC,1,2001
household,HHR_HISP,1,2001
household,HHR_RACE,1,2001
household,HHR_SEX,1,2001
household,HHR_STAT,1,2001
household,HHR_WRKR,1,2001
household,HHSIZE,4,2001;2009;2017;2022
household,HHSTATE,3,2001;2009;2017
household,HHSTFIPS,3,2001;2009;2017
household,HHTOTD,1,2001
household,HHVEHCNT,4,2001;2009;2017;2022
household,HH_CBSA,2,2009;2017
household,HH_HISP,3,2009;2017;2022
household,HH_RACE,3,2009;2017;2022
household,HOMEGEO,1,2001
household,HOMEOWN,4,2001;2009;2017;2022
household,HOMETYPE,3,2001;2009;2022
household,HOUSEID,4,2001;2009;2017;2022
household,HTEEMPDN,4,2001;2009;2017;2022
household,HTHRESDN,1,2001
household,HTHTNRNT,4,2001;2009;2017;2022
household,HTHUR,1,2001
household,HTPPOPDN,4,2001;2009;2017;2022
household,HTRESDN,3,2009;2017;2022
household,IMPTHOWN,1,2001
household,IMPTHTYP,1,2001
household,IMPTPHON,1,2001
household,INCM_P1,1,2001
household,INCM_P10,1,2001
household,INCM_P11,1,2001
household,INCM_P12,1,2001
household,INCM_P13,1,2001
household,INCM_P14,1,2001
household,INCM_P2,1,2001
household,INCM_P3,1,2001
household,INCM_P4,1,2001
household,INCM_P5,1,2001
household,INCM_P6,1,2001
household,INCM_P7,1,2001
household,INCM_P8,1,2001
household,INCM_P9,1,2001
household,INC_P1,1,2001
household,INC_P10,1,2001
household,INC_P11,1,2001
household,INC_P12,1,2001
household,INC_P13,1,2001
household,INC_P14,1,2001
household,INC_P2,1,2001
household,INC_P3,1,2001
household,INC_P4,1,2001
household,INC_P5,1,2001
household,INC_P6,1,2001
household,INC_P7,1,2001
household,INC_P8,1,2001
household,INC_P9,1,2001
household,LANG,1,2001
household,LIF_CYC,4,2001;2009;2017;2022
household,MAILHOME,1,2001
household,MSACAT,4,2001;2009;2017;2022
household,MSAPOP,1,2001
household,MSASIZE,4,2001;2009;2017;2022
household,NUMADLT,4,2001;2009;2017;2022
household,PARA,1,2017
household,PC,1,2017
household,PLACE,1,2017
household,PPT517,1,2022
household,PRICE,1,2017
household,PTRANS,1,2017
household,RAIL,4,2001;2009;2017;2022
household,RATIO16V,1,2001
household,RATIO16W,1,2001
household,RATIOWV,1,2001
household,REL_P1,1,2001
household,REL_P10,1,2001
household,REL_P11,1,2001
household,REL_P12,1,2001
household,REL_P13,1,2001
household,REL_P14,1,2001
household,REL_P2,1,2001
household,REL_P3,1,2001
household,REL_P4,1,2001
household,REL_P5,1,2001
household,REL_P6,1,2001
household,REL_P7,1,2001
household,REL_P8,1,2001
household,REL_P9,1,2001
household,RESP_CNT,4,2001;2009;2017;2022
household,SAMPSTRAT,1,2017
household,SCRESP,2,2009;2017
household,SEX_P1,1,2001
household,SEX_P10,1,2001
household,SEX_P11,1,2001
household,SEX_P12,1,2001
household,SEX_P13,1,2001
household,SEX_P14,1,2001
household,SEX_P2,1,2001
household,SEX_P3,1,2001
household,SEX_P4,1,2001
household,SEX_P5,1,2001
household,SEX_P6,1,2001
household,SEX_P7,1,2001
household,SEX_P8,1,2001
household,SEX_P9,1,2001
household,SMPLAREA,1,2001
household,SMPLFIRM,1,2001
household,SMPLSRCE,2,2001;2017
household,SPHONE,1,2017
household,STAT_P1,1,2001
household,STAT_P10,1,2001
household,STAT_P11,1,2001
household,STAT_P12,1,2001
household,STAT_P13,1,2001
household,STAT_P14,1,2001
household,STAT_P2,1,2001
household,STAT_P3,1,2001
household,STAT_P4,1,2001
household,STAT_P5,1,2001
household,STAT_P6,1,2001
household,STAT_P7,1,2001
household,STAT_P8,1,2001
household,STAT_P9,1,2001
household,STRATUMID,1,2022
household,SUM_STAT,1,2001
household,TAB,1,2017
household,TAXI,1,2017
household,TDAYDATE,4,2001;2009;2017;2022
household,TDBOA911,1,2001
household,TELBFM,1,2001
household,TELCELL,1,2001
household,TELLAND,1,2001
household,TELTOTL,1,2001
household,TELTYPE,1,2001
household,TRAIN,1,2017
household,TRAVDAY,4,2001;2009;2017;2022
household,URBAN,4,2001;2009;2017;2022
household,URBANSIZE,3,2009;2017;2022
household,URBRUR,4,2001;2009;2017;2022
household,URBRUR_2010,1,2022
household,VARSTRAT,1,2009
household,WALK,1,2017
household,WALK2SAVE,1,2017
household,WEBUSE17,1,2017
household,WKR_P1,1,2001
household,WKR_P10,1,2001
household,WKR_P11,1,2001
household,WKR_P12,1,2001
household,WKR_P13,1,2001
household,WKR_P14,1,2001
household,WKR_P2,1,2001
household,WKR_P3,1,2001
household,WKR_P4,1,2001
household,WKR_P5,1,2001
household,WKR_P6,1,2001
household,WKR_P7,1,2001
household,WKR_P8,1,2001
household,WKR_P9,1,2001
household,WRKCOUNT,4,2001;2009;2017;2022
household,WTHHFIN,4,2001;2009;2017;2022
household,WTHHFIN2D,1,2022
household,WTHHFIN5D,1,2022
household,WTHHNTL,1,2001
household,YOUNGCHILD,2,2017;2022
long_distance,ACCDIV,1,2001
long_distance,ACCMODE1,1,2001
long_distance,ACCMODE2,1,2001
long_distance,ACCMODE3,1,2001
long_distance,ACCMSA,1,2001
long_distance,ACCREG,1,2001
long_distance,ACCST,1,2001
long_distance,AIRSIZE,1,2022
long_distance,BEGTRAV,1,2001
long_distance,BEGTRIP,2,2001;2022
long_distance,CDIVMSAR,2,2001;2022
long_distance,CENSUS_D,2,2001;2022
long_distance,CENSUS_R,2,2001;2022
long_distance,COMMUTE,1,2001
long_distance,DRIVER,2,2001;2022
long_distance,DRVRCNT,2,2001;2022
long_distance,EDITRECU,1,2001
long_distance,EDUC,2,2001;2022
long_distance,EGRDIV,1,2001
long_distance,EGRMODE1,1,2001
long_distance,EGRMODE2,1,2001
long_distance,EGRMODE3,1,2001
long_distance,EGRMSA,1,2001
long_distance,EGRREG,1,2001
long_distance,EGRST,1,2001
long_distance,ENDTRAV,1,2001
long_distance,ENDTRIP,2,2001;2022
long_distance,EXITCDIV,1,2022
long_distance,EXPFLPTP,1,2001
long_distance,FARCDIV,1,2022
long_distance,FARCREG,1,2022
long_distance,FARDIV,1,2001
long_distance,FARMSA,1,2001
long_distance,FARREA21,1,2001
long_distance,FARREAS,1,2022
long_distance,FARREAS1,1,2001
long_distance,FARREAS2,1,2001
long_distance,FARREAS3,1,2001
long_distance,FARREAS4,1,2001
long_distance,FARREG,1,2001
long_distance,FARST,1,2001
long_distance,FARSTOP,1,2001
long_distance,GCDTOT,2,2001;2022
long_distance,GCD_FLAG,1,2022
long_distance,HBHRESDN,1,2001
long_distance,HBHTNRNT,2,2001;2022
long_distance,HBHUR,2,2001;2022
long_distance,HBPPOPDN,2,2001;2022
long_distance,HBRESDN,1,2022
long_distance,HHC_MSA,1,2001
long_distance,HHFAMINC,2,2001;2022
long_distance,HHFAMINC_IMP,1,2022
long_distance,HHINCTTL,1,2001
long_distance,HHMDRV,1,2001
long_distance,HHRESP,1,2001
long_distance,HHR_EDUC,1,2001
long_distance,HHR_HISP,1,2001
long_distance,HHR_RACE,1,2001
long_distance,HHR_WRKR,1,2001
long_distance,HHSIZE,2,2001;2022
long_distance,HHSTATE,1,2001
long_distance,HHSTFIPS,1,2001
long_distance,HHVEHCNT,2,2001;2022
long_distance,HH_HISP,1,2022
long_distance,HH_ONTP,1,2001
long_distance,HH_RACE,1,2022
long_distance,HOMEOWN,2,2001;2022
long_distance,HOMETYPE,1,2001
long_distance,HOUSEID,2,2001;2022
long_distance,HTEEMPDN,2,2001;2022
long_distance,HTHRESDN,1,2001
long_distance,HTHTNRNT,2,2001;2022
long_distance,HTHUR,1,2001
long_distance,HTPPOPDN,2,2001;2022
long_distance,HTRESDN,1,2022
long_distance,IFARCTRY,1,2001
long_distance,IMPTAGE,1,2001
long_distance,IMPTHOWN,1,2001
long_distance,IMPTHTYP,1,2001
long_distance,IMPTLEDT,1,2001
long_distance,IMPTNTIM,1,2001
long_distance,IMPTRACE,1,2001
long_distance,IMPTREDT,1,2001
long_distance,IMPTSEX,1,2001
long_distance,INT_FLAG,2,2001;2022
long_distance,LANG,1,2001
long_distance,LDT_FLAG,1,2022
long_distance,LD_AMT,1,2022
long_distance,LD_ICB,1,2022
long_distance,LD_NUMONTRP,1,2022
long_distance,LIF_CYC,2,2001;2022
long_distance,LONGDIST,1,2022
long_distance,LVEMNT,1,2001
long_distance,LVEYR,1,2001
long_distance,MAINMOD2,1,2001
long_distance,MAINMODE,2,2001;2022
long_distance,MRT_DATE,1,2022
long_distance,MSACAT,2,2001;2022
long_distance,MSAPOP,1,2001
long_distance,MSASIZE,2,2001;2022
long_distance,NTIMES,1,2001
long_distance,NTSAWAY,2,2001;2022
long_distance,NUMADLT,2,2001;2022
long_distance,NUMNHHM,1,2001
long_distance,OCCAT,1,2001
long_distance,ONTP_P1,2,2001;2022
long_distance,ONTP_P10,2,2001;2022
long_distance,ONTP_P11,1,2001
long_distance,ONTP_P12,1,2001
long_distance,ONTP_P13,1,2001
long_distance,ONTP_P14,1,2001
long_distance,ONTP_P2,2,2001;2022
long_distance,ONTP_P3,2,2001;2022
long_distance,ONTP_P4,2,2001;2022
long_distance,ONTP_P5,2,2001;2022
long_distance,ONTP_P6,2,2001;2022
long_distance,ONTP_P7,2,2001;2022
long_distance,ONTP_P8,2,2001;2022
long_distance,ONTP_P9,2,2001;2022
long_distance,PERSONID,2,2001;2022
long_distance,PRMACT,1,2001
long_distance,PROXCAT,1,2001
long_distance,PROXY,2,2001;2022
long_distance,RAIL,2,2001;2022
long_distance,RATIO16W,1,2001
long_distance,RATIOWV,1,2001
long_distance,RECURR,1,2001
long_distance,RETMNT,1,2001
long_distance,RETMOD2,1,2001
long_distance,RETMODE,1,2001
long_distance,RETSTOP,1,2001
long_distance,RETYR,1,2001
long_distance,RTETOT,1,2001
long_distance,R_AGE,2,2001;2022
long_distance,R_AGEWGT,1,2001
long_distance,R_HISP,1,2022
long_distance,R_RACE,1,2022
long_distance,R_RELAT,1,2001
long_distance,R_SEX,2,2001;2022
long_distance,R_SEX_IMP,1,2022
long_distance,SMPLAREA,1,2001
long_distance,STPS_FRM,1,2001
long_distance,STPS_TO,1,2001
long_distance,STRATUMID,1,2022
long_distance,TDAYDATE,2,2001;2022
long_distance,TPBOA911,1,2001
long_distance,TPCASEID,1,2001
long_distance,TPDRVFLG,1,2001
long_distance,TPMSDTRP,1,2001
long_distance,TPNUMTRP,1,2001
long_distance,TPRECURR,1,2001
long_distance,TPTRPNUM,1,2001
long_distance,TRAVDAY,1,2022
long_distance,URBAN,2,2001;2022
long_distance,URBANSIZE,1,2022
long_distance,URBRUR,2,2001;2022
long_distance,WEEKEND,2,2001;2022
long_distance,WORKER,2,2001;2022
long_distance,WRKCOUNT,2,2001;2022
long_distance,WTPERFIN,1,2022
long_distance,WTPERFIN2D,1,2022
long_distance,WTPERFIN5D,1,2022
long_distance,WTPTPFIN,1,2001
person,AGERANGE,1,2001
person,ALT_16,1,2017
person,ALT_23,1,2017
person,ALT_45,1,2017
person,BEGTRAV,1,2001
person,BIKE4EX,1,2017
person,BIKESHARE,1,2017
person,BIKESHARE22,1,2022
person,BIKETRANSIT,1,2022
person,BIKE_DFR,1,2017
person,BIKE_GKP,1,2017
person,BORNINUS,3,2001;2009;2017
person,CARRODE,3,2001;2009;2017
person,CARSHARE,1,2017
person,CDIVMSAR,4,2001;2009;2017;2022
person,CENSUS_D,4,2001;2009;2017;2022
person,CENSUS_R,4,2001;2009;2017;2022
person,CNTTDTR,4,2001;2009;2017;2022
person,CNTTPTR,1,2001
person,CNTTPUNQ,1,2001
person,COMMDRVR,1,2001
person,CONDNIGH,4,2001;2009;2017;2022
person,CONDNONE,1,2022
person,CONDPUB,4,2001;2009;2017;2022
person,CONDRF,1,2022
person,CONDRIDE,4,2001;2009;2017;2022
person,CONDRIVE,4,2001;2009;2017;2022
person,CONDSHARE,1,2022
person,CONDSPEC,4,2001;2009;2017;2022
person,CONDTAX,2,2009;2017
person,CONDTRAV,4,2001;2009;2017;2022
person,COV1_OHD,1,2022
person,COV1_PT,1,2022
person,COV1_SCH,1,2022
person,COV1_WK,1,2022
person,COV2_OHD,1,2022
person,COV2_PT,1,2022
person,COV2_SCH,1,2022
person,COV2_WK,1,2022
person,DELIVER,3,2009;2017;2022
person,DELIV_FOOD,1,2022
person,DELIV_GOOD,1,2022
person,DELIV_GROC,1,2022
person,DELIV_PERS,1,2022
person,DIARY,2,2009;2017
person,DIARYCMP,1,2001
person,DIFFDATE,1,2001
person,DISTBLOC,1,2001
person,DISTTOSC,1,2009
person,DISTTOSC17,1,2017
person,DISTTOWK,2,2001;2009
person,DISTTOWK17,1,2017
person,DRIVER,4,2001;2009;2017;2022
person,DRIVINGOCCUPATION,1,2022
person,DRIVINGVEHICLE,1,2022
person,DRVRCNT,4,2001;2009;2017;2022
person,DTACDT,2,2001;2009
person,DTCONJ,2,2001;2009
person,DTCOST,1,2009
person,DTDISTRC,1,2001
person,DTDRUNK,1,2001
person,DTGAS,1,2001
person,DTNOWALK,1,2001
person,DTPVPOT,1,2001
person,DTRAGE,1,2009
person,DTRAN,1,2009
person,DTRRAGE,1,2001
person,DTSPEED,1,2001
person,DTTIEUP,1,2001
person,DTTRUCKS,1,2001
person,DTWALK,1,2009
person,EDUC,4,2001;2009;2017;2022
person,EMPLOYMENT2,1,2022
person,EMPPASS,1,2022
person,ENDTRAV,1,2001
person,ESCOOTERUSED,1,2022
person,EVERDROV,1,2009
person,EXPFLLPR,1,2001
person,EXPFLPRN,1,2001
person,FLAG100,1,2009
person,FLEXTIME,2,2009;2017
person,FLGPRDRV,1,2001
person,FMSCSIZE,1,2009
person,FRSTHM,3,2001;2009;2022
person,FRSTHM17,1,2017
person,FXDWKPL,1,2009
person,GCDWORK,4,2001;2009;2017;2022
person,GRADE,1,2009
person,GT1JBLWK,3,2001;2009;2017
person,HBHRESDN,1,2001
person,HBHTNRNT,4,2001;2009;2017;2022
person,HBHUR,4,2001;2009;2017;2022
person,HBPPOPDN,4,2001;2009;2017;2022
person,HBRESDN,3,2009;2017;2022
person,HEALTH,1,2017
person,HHC_MSA,2,2001;2009
person,HHFAMINC,4,2001;2009;2017;2022
person,HHFAMINC_IMP,1,2022
person,HHINCTTL,1,2001
person,HHRESP,3,2001;2009;2017
person,HHR_DRVR,1,2001
person,HHR_EDUC,1,2001
person,HHR_HISP,1,2001
person,HHR_RACE,1,2001
person,HHR_WRKR,1,2001
person,HHSIZE,4,2001;2009;2017;2022
person,HHSTATE,3,2001;2009;2017
person,HHSTFIPS,3,2001;2009;2017
person,HHVEHCNT,4,2001;2009;2017;2022
person,HH_CBSA,2,2009;2017
person,HH_HISP,3,2009;2017;2022
person,HH_RACE,3,2009;2017;2022
person,HOMEOWN,4,2001;2009;2017;2022
person,HOMETYPE,2,2001;2009
person,HOUSEID,4,2001;2009;2017;2022
person,HTEEMPDN,4,2001;2009;2017;2022
person,HTHRESDN,1,2001
person,HTHTNRNT,4,2001;2009;2017;2022
person,HTHUR,1,2001
person,HTPPOPDN,4,2001;2009;2017;2022
person,HTRESDN,3,2009;2017;2022
person,IMPTAGE,1,2001
person,IMPTHOWN,1,2001
person,IMPTHTYP,1,2001
person,IMPTRACE,1,2001
person,IMPTSEX,1,2001
person,INDVINC,1,2001
person,ISSUE,1,2009
person,LANG,1,2001
person,LAST30_BIKE,1,2022
person,LAST30_BKSHR,1,2022
person,LAST30_ESCT,1,2022
person,LAST30_MTRC,1,2022
person,LAST30_PT,1,2022
person,LAST30_RDSHR,1,2022
person,LAST30_TAXI,1,2022
person,LAST30_WALK,1,2022
person,LASTRPMM,1,2001
person,LASTRPYY,1,2001
person,LIF_CYC,4,2001;2009;2017;2022
person,LPACT,1,2017
person,LSTTRDAY,2,2001;2009
person,LSTTRDAY17,1,2017
person,LSTTRDT,1,2001
person,MCTRANSIT,1,2022
person,MCUSED,2,2009;2017
person,MEDCOND,4,2001;2009;2017;2022
person,MEDCOND6,4,2001;2009;2017;2022
person,MOROFTEN,1,2009
person,MSACAT,4,2001;2009;2017;2022
person,MSAPOP,1,2001
person,MSASIZE,4,2001;2009;2017;2022
person,NBIKETRP,3,2001;2009;2017
person,NOCONG,1,2017
person,NUMADLT,4,2001;2009;2017;2022
person,NWALKTRP,3,2001;2009;2017
person,OCCAT,3,2001;2009;2017
person,OUTCNTRY,3,2001;2009;2017
person,OUTOFTWN,4,2001;2009;2017;2022
person,PARK,1,2022
person,PARKHOME,1,2022
person,PARKHOMEAMT,1,2022
person,PARKHOMEAMT_PAMOUNT,1,2022
person,PARKHOMEAMT_PAYTYPE,1,2022
person,PAYPROF,4,2001;2009;2017;2022
person,PERSONID,4,2001;2009;2017;2022
person,PHYACT,1,2017
person,PRCASEID,1,2001
person,PRMACT,4,2001;2009;2017;2022
person,PRMDRVR1,1,2001
person,PRMDRVR2,1,2001
person,PRMDRVR3,1,2001
person,PROXCAT,1,2001
person,PROXY,4,2001;2009;2017;2022
person,PTUSED,4,2001;2009;2017;2022
person,PUBTIME,1,2017
person,PURCHASE,1,2009
person,QACSLAN1,1,2022
person,QACSLAN3,1,2022
person,RAIL,4,2001;2009;2017;2022
person,RET_AMZ,1,2022
person,RET_HOME,1,2022
person,RET_PUF,1,2022
person,RET_STORE,1,2022
person,RIDESHARE,1,2017
person,RIDESHARE22,1,2022
person,R_AGE,4,2001;2009;2017;2022
person,R_AGEWGT,1,2001
person,R_AGE_IMP,1,2017
person,R_HISP,2,2017;2022
person,R_RACE,2,2017;2022
person,R_RACE_IMP,1,2022
person,R_RELAT,4,2001;2009;2017;2022
person,R_SEX,4,2001;2009;2017;2022
person,R_SEX_IMP,2,2017;2022
person,SAMEPLC,4,2001;2009;2017;2022
person,SBHTNRNT,1,2022
person,SBHUR,1,2022
person,SBPPOPDN,1,2022
person,SBRESDN,1,2022
person,SCHCARE,1,2009
person,SCHCRIM,1,2009
person,SCHDIST,1,2009
person,SCHOOL1,1,2022
person,SCHOOL1C,1,2022
person,SCHSPD,1,2009
person,SCHTRAF,1,2009
person,SCHTRN1,3,2009;2017;2022
person,SCHTRN2,2,2009;2017
person,SCHTYP,3,2009;2017;2022
person,SCHWTHR,1,2009
person,SELF_EMP,1,2009
person,SFWGT,1,2009
person,SMPLAREA,1,2001
person,SMPLFIRM,1,2001
person,SMPLSRCE,2,2001;2017
person,STEEMPDN,1,2022
person,STHTNRNT,1,2022
person,STPPOPDN,1,2022
person,STRATUMID,1,2022
person,STRESDN,1,2022
person,STUDE,1,2022
person,TAXISERVICE,1,2022
person,TDAYDATE,4,2001;2009;2017;2022
person,TDBOA911,1,2001
person,TIMETOSC,1,2009
person,TIMETOWK,3,2001;2009;2017
person,TOSCSIZE,1,2009
person,TRAVDAY,4,2001;2009;2017;2022
person,TRNPASS,1,2022
person,URBAN,4,2001;2009;2017;2022
person,URBANSIZE,3,2009;2017;2022
person,URBRUR,4,2001;2009;2017;2022
person,USAGE1,1,2022
person,USAGE2_1,1,2022
person,USAGE2_10,1,2022
person,USAGE2_2,1,2022
person,USAGE2_3,1,2022
person,USAGE2_4,1,2022
person,USAGE2_5,1,2022
person,USAGE2_6,1,2022
person,USAGE2_7,1,2022
person,USAGE2_8,1,2022
person,USAGE2_9,1,2022
person,USEINTST,1,2009
person,USEPUBTR,4,2001;2009;2017;2022
person,USULDRV,1,2001
person,VARSTRAT,1,2009
person,VPACT,1,2017
person,WALK4EX,1,2017
person,WALKTRANSIT,1,2022
person,WALK_DEF,1,2017
person,WALK_GKQ,1,2017
person,WBHTNRNT,1,2022
person,WBHUR,1,2022
person,WBPPOPDN,1,2022
person,WBRESDN,1,2022
person,WEBACC,1,2001
person,WEBHOME,1,2001
person,WEBOTHER,1,2001
person,WEBUSE,2,2001;2009
person,WEBWHER,1,2001
person,WEBWORK,1,2001
person,WHERBORN,1,2001
person,WHOPROXY,2,2017;2022
person,WKFMHM22,1,2022
person,WKFMHM2M,1,2001
person,WKFMHMXX,3,2001;2009;2017
person,WKFTPT,3,2001;2009;2017
person,WKRMHM,2,2009;2017
person,WKSTFIPS,3,2001;2009;2017
person,WORKER,4,2001;2009;2017;2022
person,WORKGEO,1,2001
person,WORKLOC,1,2001
person,WORKSTAT,1,2001
person,WRKCOUNT,4,2001;2009;2017;2022
person,WRKDRIVE,1,2001
person,WRKLOC,1,2022
person,WRKTIME,2,2009;2017
person,WRKTRANS,4,2001;2009;2017;2022
person,WRKTRPS,1,2001
person,WRK_HOME,1,2017
person,WTEEMPDN,1,2022
person,WTHTNRNT,1,2022
person,WTPERFIN,4,2001;2009;2017;2022
person,WTPERFIN2D,1,2022
person,WTPERFIN5D,1,2022
person,WTPPOPDN,1,2022
person,WTPRNTL,1,2001
person,WTRESDN,1,2022
person,W_CANE,2,2017;2022
person,W_CHAIR,2,2017;2022
person,W_CRUTCH,1,2017
person,W_DOG,1,2017
person,W_MTRCHR,1,2017
person,W_NONE,2,2017;2022
person,W_SCCH,1,2022
person,W_SCOOTR,1,2017
person,W_VISIMP,1,2022
person,W_WHCANE,1,2017
person,W_WKCR,1,2022
person,W_WLKR,1,2017
person,YEARMILE,3,2001;2009;2017
person,YRMLCAP,2,2001;2009
person,YRMLCAT,1,2001
person,YRTOUS,3,2001;2009;2017
trip,AWAYHOME,2,2001;2009
trip,BEGTRAV,1,2001
trip,CDIVMSAR,4,2001;2009;2017;2022
trip,CENSUS_D,4,2001;2009;2017;2022
trip,CENSUS_R,4,2001;2009;2017;2022
trip,DBHTNRNT,2,2017;2022
trip,DBHUR,2,2017;2022
trip,DBPPOPDN,2,2017;2022
trip,DBRESDN,2,2017;2022
trip,DRIVER,4,2001;2009;2017;2022
trip,DROP_PRK,2,2009;2017
trip,DRVRCNT,4,2001;2009;2017;2022
trip,DRVR_FLG,4,2001;2009;2017;2022
trip,DTEEMPDN,2,2017;2022
trip,DTHTNRNT,2,2017;2022
trip,DTPPOPDN,2,2017;2022
trip,DTRESDN,2,2017;2022
trip,DWELTIME,4,2001;2009;2017;2022
trip,EDITENTM,1,2001
trip,EDITMILE,1,2001
trip,EDITMIN,1,2001
trip,EDITMODE,1,2001
trip,EDITPURP,1,2001
trip,EDITSTTM,1,2001
trip,EDUC,4,2001;2009;2017;2022
trip,ENDHOUR,1,2001
trip,ENDMIN,1,2001
trip,ENDTIME,4,2001;2009;2017;2022
trip,ENDTRAV,1,2001
trip,EXPFLLTD,1,2001
trip,EXPFLTDN,1,2001
trip,FLAG100,1,2009
trip,FLGNXTDY,1,2001
trip,FRSTHM,2,2009;2022
trip,GASPRICE,3,2009;2017;2022
trip,HBHRESDN,1,2001
trip,HBHTNRNT,2,2001;2009
trip,HBHUR,2,2001;2009
trip,HBPPOPDN,2,2001;2009
trip,HBRESDN,1,2009
trip,HHACCCNT,1,2022
trip,HHC_MSA,2,2001;2009
trip,HHFAMINC,4,2001;2009;2017;2022
trip,HHFAMINC_IMP,1,2022
trip,HHINCTTL,1,2001
trip,HHMEMDRV,4,2001;2009;2017;2022
trip,HHRESP,3,2001;2009;2017
trip,HHR_DRVR,1,2001
trip,HHR_EDUC,1,2001
trip,HHR_HISP,1,2001
trip,HHR_RACE,1,2001
trip,HHR_WRKR,1,2001
trip,HHSIZE,4,2001;2009;2017;2022
trip,HHSTATE,3,2001;2009;2017
trip,HHSTFIPS,3,2001;2009;2017
trip,HHVEHCNT,4,2001;2009;2017;2022
trip,HH_CBSA,2,2009;2017
trip,HH_HISP,3,2009;2017;2022
trip,HH_ONTD,3,2001;2009;2017
trip,HH_RACE,3,2009;2017;2022
trip,HOMEOWN,4,2001;2009;2017;2022
trip,HOMETYPE,2,2001;2009
trip,HOUSEID,4,2001;2009;2017;2022
trip,HTEEMPDN,2,2001;2009
trip,HTHRESDN,1,2001
trip,HTHTNRNT,2,2001;2009
trip,HTHUR,1,2001
trip,HTPPOPDN,2,2001;2009
trip,HTRESDN,1,2009
trip,IMPTAGE,1,2001
trip,IMPTENTM,1,2001
trip,IMPTHOWN,1,2001
trip,IMPTHTYP,1,2001
trip,IMPTMILE,1,2001
trip,IMPTMIN,1,2001
trip,IMPTRACE,1,2001
trip,IMPTSEX,1,2001
trip,IMPTSTTM,1,2001
trip,IMPTTPUB,1,2001
trip,IMPTTRIP,1,2001
trip,INTSTATE,1,2009
trip,LANG,1,2001
trip,LIF_CYC,4,2001;2009;2017;2022
trip,LOOP_TRIP,2,2017;2022
trip,MSACAT,4,2001;2009;2017;2022
trip,MSAPOP,1,2001
trip,MSASIZE,4,2001;2009;2017;2022
trip,NONHHCNT,4,2001;2009;2017;2022
trip,NUMADLT,4,2001;2009;2017;2022
trip,NUMONTRP,4,2001;2009;2017;2022
trip,NUMTRANS,1,2017
trip,OBHTNRNT,2,2017;2022
trip,OBHUR,2,2017;2022
trip,OBPPOPDN,2,2017;2022
trip,OBRESDN,2,2017;2022
trip,OCCAT,1,2001
trip,ONTD_P1,4,2001;2009;2017;2022
trip,ONTD_P10,4,2001;2009;2017;2022
trip,ONTD_P11,3,2001;2009;2017
trip,ONTD_P12,3,2001;2009;2017
trip,ONTD_P13,3,2001;2009;2017
trip,ONTD_P14,2,2001;2009
trip,ONTD_P15,1,2009
trip,ONTD_P2,4,2001;2009;2017;2022
trip,ONTD_P3,4,2001;2009;2017;2022
trip,ONTD_P4,4,2001;2009;2017;2022
trip,ONTD_P5,4,2001;2009;2017;2022
trip,ONTD_P6,4,2001;2009;2017;2022
trip,ONTD_P7,4,2001;2009;2017;2022
trip,ONTD_P8,4,2001;2009;2017;2022
trip,ONTD_P9,4,2001;2009;2017;2022
trip,OTEEMPDN,2,2017;2022
trip,OTHTNRNT,2,2017;2022
trip,OTPPOPDN,2,2017;2022
trip,OTRESDN,2,2017;2022
trip,OUTOFTWN,2,2001;2009
trip,PARK,1,2022
trip,PARK2,1,2022
trip,PARK2_PAMOUNT,1,2022
trip,PARK2_PAYTYPE,1,2022
trip,PASSPURP,1,2001
trip,PAYTOLL,1,2009
trip,PERSONID,4,2001;2009;2017;2022
trip,PRMACT,4,2001;2009;2017;2022
trip,PROXCAT,1,2001
trip,PROXY,4,2001;2009;2017;2022
trip,PSGR_FLG,4,2001;2009;2017;2022
trip,PUBTRANS,3,2009;2017;2022
trip,PUBTYPE,1,2001
trip,RAIL,4,2001;2009;2017;2022
trip,R_AGE,4,2001;2009;2017;2022
trip,R_AGEWGT,1,2001
trip,R_AGE_IMP,1,2017
trip,R_HISP,1,2022
trip,R_RACE,1,2022
trip,R_RELAT,1,2001
trip,R_SEX,4,2001;2009;2017;2022
trip,R_SEX_IMP,2,2017;2022
trip,SEQ_TRIPID,1,2022
trip,SMPLAREA,1,2001
trip,SMPLFIRM,1,2001
trip,SMPLSRCE,2,2001;2017
trip,STRATUMID,1,2022
trip,STRTHR,1,2001
trip,STRTMIN,1,2001
trip,STRTTIME,4,2001;2009;2017;2022
trip,TDAYDATE,4,2001;2009;2017;2022
trip,TDBOA911,1,2001
trip,TDCASEID,4,2001;2009;2017;2022
trip,TDMSDTRP,1,2001
trip,TDTRPNUM,3,2001;2009;2017
trip,TDWKND,4,2001;2009;2017;2022
trip,TPOVRLAP,1,2001
trip,TRACC1,2,2001;2009
trip,TRACC2,2,2001;2009
trip,TRACC3,2,2001;2009
trip,TRACC4,2,2001;2009
trip,TRACC5,2,2001;2009
trip,TRACCTM,3,2001;2009;2017
trip,TRACC_BUS,1,2017
trip,TRACC_CRL,1,2017
trip,TRACC_OTH,1,2017
trip,TRACC_POV,1,2017
trip,TRACC_SUB,1,2017
trip,TRACC_WLK,1,2017
trip,TRAVDAY,4,2001;2009;2017;2022
trip,TREGR1,2,2001;2009
trip,TREGR2,2,2001;2009
trip,TREGR3,2,2001;2009
trip,TREGR4,2,2001;2009
trip,TREGR5,2,2001;2009
trip,TREGRTM,3,2001;2009;2017
trip,TREGR_BUS,1,2017
trip,TREGR_CRL,1,2017
trip,TREGR_OTH,1,2017
trip,TREGR_POV,1,2017
trip,TREGR_SUB,1,2017
trip,TREGR_WLK,1,2017
trip,TRIPID,1,2022
trip,TRIPMODE,1,2022
trip,TRIPPURP,4,2001;2009;2017;2022
trip,TRPACCMP,2,2009;2017
trip,TRPBLKS,1,2001
trip,TRPDIST,1,2001
trip,TRPHHACC,3,2001;2009;2017
trip,TRPHHVEH,4,2001;2009;2017;2022
trip,TRPMILAD,1,2017
trip,TRPMILES,4,2001;2009;2017;2022
trip,TRPNUMSQ,1,2001
trip,TRPPUB,1,2001
trip,TRPTRANS,4,2001;2009;2017;2022
trip,TRVLCMIN,4,2001;2009;2017;2022
trip,TRVL_MIN,2,2001;2009
trip,TRWAITTM,3,2001;2009;2017
trip,URBAN,4,2001;2009;2017;2022
trip,URBANSIZE,3,2009;2017;2022
trip,URBRUR,4,2001;2009;2017;2022
trip,USEINTST,1,2009
trip,USEPUBTR,1,2009
trip,VEHCASEID,1,2022
trip,VEHID,4,2001;2009;2017;2022
trip,VEHTYPE,4,2001;2009;2017;2022
trip,VEHUSED,1,2001
trip,VMT_MILE,3,2009;2017;2022
trip,WALK,1,2022
trip,WHODROVE,4,2001;2009;2017;2022
trip,WHODROVE_IMP,1,2022
trip,WHYFROM,4,2001;2009;2017;2022
trip,WHYTO,4,2001;2009;2017;2022
trip,WHYTRP01,1,2001
trip,WHYTRP1S,4,2001;2009;2017;2022
trip,WHYTRP90,4,2001;2009;2017;2022
trip,WORKER,4,2001;2009;2017;2022
trip,WRKCOUNT,4,2001;2009;2017;2022
trip,WTTRDFIN,4,2001;2009;2017;2022
trip,WTTRDFIN2D,1,2022
trip,WTTRDFIN5D,1,2022
trip,WTTRDNTL,1,2001
vehicle,ANMLTYR,1,2001
vehicle,ANNMILES,4,2001;2009;2017;2022
vehicle,ANNUALZD,1,2001
vehicle,ANN_FLG,1,2001
vehicle,ANULZDSE,1,2001
vehicle,BEGTRAV,1,2001
vehicle,BESTMILE,3,2001;2009;2017
vehicle,BEST_EDT,3,2001;2009;2017
vehicle,BEST_FLG,3,2001;2009;2017
vehicle,BEST_OUT,3,2001;2009;2017
vehicle,BTUCOST,1,2001
vehicle,BTUTCOST,1,2001
vehicle,BTUYEAR,1,2001
vehicle,CDIVMSAR,4,2001;2009;2017;2022
vehicle,CENSUS_D,4,2001;2009;2017;2022
vehicle,CENSUS_R,4,2001;2009;2017;2022
vehicle,COMMERCIALFREQ,1,2022
vehicle,DRVRCNT,4,2001;2009;2017;2022
vehicle,EIADMPG,2,2001;2009
vehicle,ENDTRAV,1,2001
vehicle,EPATMPG,2,2001;2009
vehicle,EPATMPGF,2,2001;2009
vehicle,ESTMILES,1,2001
vehicle,ESTMLCAT,1,2001
vehicle,EXPFLHHN,1,2001
vehicle,EXPFLLHH,1,2001
vehicle,FEGEMPG,1,2017
vehicle,FEGEMPGA,1,2017
vehicle,FEGEMPGF,1,2017
vehicle,FLAG100,1,2009
vehicle,FUELTYPE,3,2001;2009;2017
vehicle,GSCOST,3,2001;2009;2017
vehicle,GSTOTCST,3,2001;2009;2017
vehicle,GSYRGAL,3,2001;2009;2017
vehicle,HBHRESDN,1,2001
vehicle,HBHTNRNT,4,2001;2009;2017;2022
vehicle,HBHUR,4,2001;2009;2017;2022
vehicle,HBPPOPDN,4,2001;2009;2017;2022
vehicle,HBRESDN,3,2009;2017;2022
vehicle,HFUEL,1,2017
vehicle,HHC_MSA,2,2001;2009
vehicle,HHFAMINC,4,2001;2009;2017;2022
vehicle,HHFAMINC_IMP,1,2022
vehicle,HHINCTTL,1,2001
vehicle,HHR_HISP,1,2001
vehicle,HHR_RACE,1,2001
vehicle,HHSIZE,4,2001;2009;2017;2022
vehicle,HHSTATE,3,2001;2009;2017
vehicle,HHSTFIPS,3,2001;2009;2017
vehicle,HHVEHCNT,4,2001;2009;2017;2022
vehicle,HHVEHUSETIME_DEL,1,2022
vehicle,HHVEHUSETIME_OTH,1,2022
vehicle,HHVEHUSETIME_RS,1,2022
vehicle,HH_CBSA,2,2009;2017
vehicle,HH_HISP,3,2009;2017;2022
vehicle,HH_RACE,3,2009;2017;2022
vehicle,HOMEOWN,4,2001;2009;2017;2022
vehicle,HOMETYPE,2,2001;2009
vehicle,HOUSEID,4,2001;2009;2017;2022
vehicle,HTEEMPDN,4,2001;2009;2017;2022
vehicle,HTHRESDN,1,2001
vehicle,HTHTNRNT,4,2001;2009;2017;2022
vehicle,HTHUR,1,2001
vehicle,HTPPOPDN,4,2001;2009;2017;2022
vehicle,HTRESDN,3,2009;2017;2022
vehicle,HYBRID,3,2009;2017;2022
vehicle,IMPTRACE,1,2001
vehicle,LANG,1,2001
vehicle,LIF_CYC,4,2001;2009;2017;2022
vehicle,MAINDRVR,1,2001
vehicle,MAKE,2,2017;2022
vehicle,MAKECODE,2,2001;2009
vehicle,MODEL,1,2017
vehicle,MODLCODE,2,2001;2009
vehicle,MSACAT,4,2001;2009;2017;2022
vehicle,MSAPOP,1,2001
vehicle,MSASIZE,4,2001;2009;2017;2022
vehicle,NUMADLT,4,2001;2009;2017;2022
vehicle,OD_READ,2,2009;2017
vehicle,OD_READ1,1,2001
vehicle,OD_READ2,1,2001
vehicle,OWNUNIT,1,2001
vehicle,PERSONID,2,2009;2017
vehicle,RAIL,4,2001;2009;2017;2022
vehicle,RATIO16V,1,2001
vehicle,RATIO16W,1,2001
vehicle,RATIOWV,1,2001
vehicle,READATE1,1,2001
vehicle,READATE2,1,2001
vehicle,READDIFF,1,2001
vehicle,SMPLAREA,1,2001
vehicle,SMPLFIRM,1,2001
vehicle,SMPLSRCE,2,2001;2017
vehicle,STRATUMID,1,2022
vehicle,TDAYDATE,4,2001;2009;2017;2022
vehicle,TDBOA911,1,2001
vehicle,TRAVDAY,4,2001;2009;2017;2022
vehicle,URBAN,4,2001;2009;2017;2022
vehicle,URBANSIZE,3,2009;2017;2022
vehicle,URBRUR,4,2001;2009;2017;2022
vehicle,VEH12MNT,1,2001
vehicle,VEHAGE,4,2001;2009;2017;2022
vehicle,VEHCASEID,1,2022
vehicle,VEHCOMM,1,2009
vehicle,VEHCOMMERCIAL,1,2022
vehicle,VEHCOM_DEL,1,2022
vehicle,VEHCOM_OTH,1,2022
vehicle,VEHCOM_RS,1,2022
vehicle,VEHFUEL,1,2022
vehicle,VEHID,4,2001;2009;2017;2022
vehicle,VEHMILES,1,2001
vehicle,VEHMLCAT,1,2001
vehicle,VEHOWNED,2,2017;2022
vehicle,VEHOWNMO,4,2001;2009;2017;2022
vehicle,VEHTYPE,4,2001;2009;2017;2022
vehicle,VEHYEAR,4,2001;2009;2017;2022
vehicle,VHCASEID,1,2001
vehicle,VTYPFUEL,1,2001
vehicle,WHOMAIN,4,2001;2009;2017;2022
vehicle,WRKCOUNT,4,2001;2009;2017;2022
vehicle,WTHHFIN,4,2001;2009;2017;2022
vehicle,WTHHFIN2D,1,2022
vehicle,WTHHFIN5D,1,2022
vehicle,WTHHNTL,1,2001
