method,mae,rmse,bias,r2,weighted_mae,weighted_rmse,weighted_bias,weighted_r2,runs,abs_weighted_bias,method_family,llm_request_cost,llm_request_cost_norm,performance_pareto,deployment_pareto,weighted_mae_ci_width,weighted_mae_bootstrap_std,uncertainty_covered,weighted_mae_ci_width_for_selection,uncertainty_pareto
llm_trip_suppression_a1p25,2.4923767754315085,3.6648069200275946,-0.7164180069138582,0.1999809971075978,2.4819721675202358,3.660097422309285,-0.5403961310609204,0.2243887022540729,1,0.5403961310609204,llm_event_adapter,89,1.0,True,True,0.15918656982276547,0.0404977928217879,True,0.15918656982276547,True
gated_trip_suppression_a1p25_d0p05,2.504713053359169,3.695632410417389,-0.8101698641608364,0.1864661282161964,2.489996223069124,3.684372914016009,-0.6318506380005368,0.2140661437650765,1,0.6318506380005368,gated_llm_adapter,89,1.0,False,False,,,False,0.20841925298013841,False
gated_trip_suppression_a1p25_d0p1,2.520855100926581,3.7399572062843554,-0.9116930625801885,0.1668343218537219,2.4970554623990795,3.714093560085644,-0.7285115515282903,0.2013352529969277,1,0.7285115515282903,gated_llm_adapter,89,1.0,False,False,,,False,0.20841925298013841,False
gated_trip_suppression_a1p25_d0p15,2.526126304979672,3.792563311924447,-1.1071274524406671,0.1432309210347186,2.500199665112892,3.7643789067660873,-0.9285045229220792,0.1795625081320815,1,0.9285045229220792,gated_llm_adapter,89,1.0,False,False,,,False,0.20841925298013841,False
gated_trip_suppression_a1_d0p15,2.4738369894694108,3.587177276821952,-0.2532417866863675,0.2335147797043013,2.5022798339489665,3.6038437615055248,-0.0230380080847422,0.2480469156622738,1,0.0230380080847422,gated_llm_adapter,89,1.0,True,True,0.15157501573173437,0.0378538662140731,True,0.15157501573173437,True
global_trip_suppression_a1p25,2.5276070439309843,3.768972483116596,-0.9914545587400756,0.1538564685260329,2.522331852502907,3.743187105215461,-0.7477032340364844,0.1887739130528118,1,0.7477032340364844,global_event_prior,1,0.011235955056179775,False,True,0.15921066266952622,0.0401877892366021,True,0.15921066266952622,False
gated_trip_suppression_a1_d0p1,2.508796739909321,3.587288602434049,-0.0968942747979842,0.2334672042689113,2.537400977118662,3.609063870877688,0.1369563690302888,0.2458669542359248,1,0.1369563690302888,gated_llm_adapter,89,1.0,False,False,,,False,0.20841925298013841,False
gated_trip_suppression_a1_d0p05,2.515048853091905,3.575159114765881,-0.0156757160625026,0.2386421050496536,2.548171191635902,3.609467991119759,0.2142850998524919,0.2456980586427802,1,0.2142850998524919,gated_llm_adapter,89,1.0,False,False,,,False,0.20841925298013841,False
global_trip_suppression_a1,2.493940275086195,3.590593388229278,-0.1600445200623705,0.2320542186733926,2.5530939118909326,3.627152030273807,0.1228741545977456,0.2382887775212787,1,0.1228741545977456,global_event_prior,1,0.011235955056179775,False,True,,,False,0.20841925298013841,False
llm_trip_suppression_a1,2.5228085069132,3.5699287755465967,0.0593257697350804,0.2408681582383829,2.5614570285373293,3.6104098711656576,0.2874487054041855,0.2453043415380034,1,0.2874487054041855,llm_event_adapter,89,1.0,False,False,,,False,0.20841925298013841,False
global_recovery_pressure_a1p25,2.501536950626449,3.585311751607722,-0.081054955364435,0.2343117995238731,2.567391313882335,3.629240971584258,0.2055848818743265,0.2374111588179341,1,0.2055848818743265,global_event_prior,1,0.011235955056179775,False,False,,,False,0.20841925298013841,False
random_recovery_pressure_a1p25,2.5676946086177765,3.649415737257905,-0.037525542261842085,0.20667390713701844,2.643141567994553,3.7075919458074855,0.25549831976674253,0.20410584891201417,5,0.25549831976674253,negative_control,0,0.0,False,True,,,False,0.20841925298013841,False
random_trip_suppression_a1p25,2.6333157406884213,3.883167627624607,-0.8904195525882423,0.10178553787294489,2.6465772253216584,3.8807201984590627,-0.6367603088050506,0.12803791936095593,5,0.6367603088050506,negative_control,0,0.0,False,False,,,False,0.20841925298013841,False
llm_recovery_pressure_a1p25,2.583738539441728,3.672094488324007,-0.0508576134579132,0.1967961145213104,2.648186070007601,3.730565953780295,0.1995772276494239,0.1942352196397693,1,0.1995772276494239,llm_event_adapter,89,1.0,False,False,,,False,0.20841925298013841,False
random_trip_suppression_a1,2.588899060399152,3.6862150099613684,-0.08048542035186323,0.19059572624974966,2.661458692633727,3.7417053682522363,0.2103253200255592,0.18939841202637464,5,0.2103253200255592,negative_control,0,0.0,False,True,,,False,0.20841925298013841,False
llm_only_trip_suppression_a1p25,2.7217604205004746,3.967074344504491,-0.3657389915492726,0.0625701376724664,2.717513370990674,3.987614222512788,-0.3732485886307166,0.079370030598061,1,0.3732485886307166,llm_only_prior,89,1.0,False,False,0.17557953658183134,0.0440382525829982,True,0.17557953658183134,False
gated_trip_suppression_a0p75_d0p15,2.6443447813793406,3.6198591757706704,0.6014675686473376,0.2194846364041489,2.745799674993658,3.715285191570622,0.8840174212201105,0.2008226828544367,1,0.8840174212201105,gated_llm_adapter,89,1.0,False,False,,,False,0.20841925298013841,False
global_recovery_pressure_a1,2.642775587645102,3.621309800407805,0.5682751626381429,0.2188589426258275,2.764740718999714,3.732294473762376,0.8855046473263953,0.1934883607414947,1,0.8855046473263953,global_event_prior,1,0.011235955056179775,False,False,,,False,0.20841925298013841,False
gated_trip_suppression_a0p75_d0p1,2.68565952799252,3.6527157632629392,0.7187282025636252,0.205251232759662,2.787154941764485,3.7530596655507567,1.004013204056384,0.1844890937960054,1,1.004013204056384,gated_llm_adapter,89,1.0,False,False,,,False,0.20841925298013841,False
gated_trip_suppression_a0p75_d0p05,2.700574795299848,3.661934708654231,0.7796421216152364,0.2012345001132908,2.8041549016768377,3.7711755339111512,1.0620097521730365,0.1765972159453992,1,1.0620097521730365,gated_llm_adapter,89,1.0,False,False,,,False,0.20841925298013841,False
global_trip_suppression_a0p75,2.6746444572974903,3.639879597428219,0.6713655186153354,0.2108271400136189,2.805288712522088,3.762240954816856,0.9934515432319766,0.1804941666482196,1,0.9934515432319766,global_event_prior,1,0.011235955056179775,False,False,,,False,0.20841925298013841,False
random_recovery_pressure_a1,2.6825409578394876,3.669998084032899,0.603098693120217,0.1977049737524917,2.8098192154537083,3.791429402893493,0.925435397640328,0.16771239160005744,5,0.925435397640328,negative_control,0,0.0,False,False,,,False,0.20841925298013841,False
llm_recovery_pressure_a1,2.697012625939589,3.683978221774701,0.59243303616336,0.1915890013020743,2.810051722522859,3.799353396266097,0.8806985239464731,0.164246472440848,1,0.8806985239464731,llm_event_adapter,89,1.0,False,False,,,False,0.20841925298013841,False
llm_trip_suppression_a0p75,2.717820308707928,3.672852086788526,0.8358932359634238,0.1964646585615438,2.8250925011637977,3.7866792408589847,1.1168824563368065,0.1698131051948361,1,1.1168824563368065,llm_event_adapter,89,1.0,False,False,,,False,0.20841925298013841,False
random_trip_suppression_a0p75,2.7307688679863977,3.7094895956496807,0.7310348433982159,0.18034836122105255,2.8699533736460356,3.8448969803628947,1.0590399173028366,0.14407869747557894,5,1.0590399173028366,negative_control,0,0.0,False,False,,,False,0.20841925298013841,False
llm_confidence_pressure_a1p25,2.827474564190664,3.77039358748545,1.005333117951092,0.1532182654241485,2.9781725502138903,3.929585121168718,1.3230665719521857,0.1059697013370776,1,1.3230665719521857,llm_event_adapter,89,1.0,False,False,,,False,0.20841925298013841,False
llm_only_trip_suppression_a1,2.9805087818541938,3.9977264936199273,0.5848094850915367,0.0480278090132479,2.992723944196792,4.023205873047428,0.5984350077235565,0.06286243036568,1,0.5984350077235565,llm_only_prior,89,1.0,False,False,,,False,0.20841925298013841,False
global_recovery_pressure_a0p75,2.878796492404112,3.793603182139522,1.2176052806407207,0.1427610273435672,3.0558914345915853,3.977333037254133,1.565424412778464,0.08411119401947,1,1.565424412778464,global_event_prior,1,0.011235955056179775,False,False,,,False,0.20841925298013841,False
llm_recovery_pressure_a0p75,2.909162677181709,3.834090617151901,1.2357236857846334,0.1243655263594752,3.0775625361823047,4.01613433441764,1.5618198202435225,0.066153925075399,1,1.5618198202435225,llm_event_adapter,89,1.0,False,False,,,False,0.20841925298013841,False
random_recovery_pressure_a0p75,2.9024712264678953,3.82696550387645,1.2437229285022762,0.1276128094656762,3.084663557594339,4.017668869480345,1.5953724755139131,0.06543042625086616,5,1.5953724755139131,negative_control,0,0.0,False,False,,,False,0.20841925298013841,False
gated_trip_suppression_a0p5_d0p15,2.977498417019627,3.8849338108473854,1.4561769239810431,0.1009882805519643,3.156505241663344,4.07703882235081,1.7910728505249631,0.037615699638093,1,1.7910728505249631,gated_llm_adapter,89,1.0,False,False,,,False,0.20841925298013841,False
llm_confidence_pressure_a1,2.996178686556197,3.911090752352646,1.437385621290564,0.0888415816742755,3.1854195642549343,4.116896024762274,1.779489999388682,0.0187071527689154,1,1.779489999388682,llm_event_adapter,89,1.0,False,False,,,False,0.20841925298013841,False
gated_trip_suppression_a0p5_d0p1,3.015159101365056,3.925673703132627,1.5343506799252344,0.0820341967436768,3.1955544569301404,4.120627364074898,1.871070039082479,0.0169275616066924,1,1.871070039082479,gated_llm_adapter,89,1.0,False,False,,,False,0.20841925298013841,False
global_trip_suppression_a0p5,3.00743010115836,3.908227397558296,1.5027755572930417,0.090175232546712,3.2093195011680176,4.123848343331366,1.864028931866208,0.0153900804336342,1,1.864028931866208,global_event_prior,1,0.011235955056179775,False,False,,,False,0.20841925298013841,False
gated_trip_suppression_a0p5_d0p05,3.032203276266164,3.942621410319053,1.5749599592929755,0.0740911028248105,3.2140592606789604,4.142445578237077,1.9097344044935805,0.0064895056024563,1,1.9097344044935805,gated_llm_adapter,89,1.0,False,False,,,False,0.20841925298013841,False
llm_trip_suppression_a0p5,3.0495619141129686,3.958499470311388,1.612460702191767,0.0666182874947832,3.233540220715998,4.160851867104401,1.9463162072694271,-0.002359116845906,1,1.9463162072694271,llm_event_adapter,89,1.0,False,False,,,False,0.20841925298013841,False
global_recovery_pressure_a0p5,3.1918310189009667,4.084982454704662,1.8669353986432975,0.0060180536770922,3.4255376861373064,4.340375350231115,2.245344178230532,-0.0907203413481398,1,2.245344178230532,global_event_prior,1,0.011235955056179775,False,False,,,False,0.20841925298013841,False
llm_confidence_pressure_a0p75,3.20359418376557,4.104716791503561,1.8694381246300364,-0.003608893623926,3.4313773565687296,4.357206080983744,2.2359134268251792,-0.0991957434508852,1,2.2359134268251792,llm_event_adapter,89,1.0,False,False,,,False,0.20841925298013841,False
llm_recovery_pressure_a0p5,3.2063898230755847,4.107303725955195,1.8790143354059068,-0.0048743103064872,3.4325558624203403,4.358883873494813,2.242941116540571,-0.1000424224565779,1,2.242941116540571,llm_event_adapter,89,1.0,False,False,,,False,0.20841925298013841,False
llm_only_trip_suppression_a0p75,3.422108064384657,4.258870141927658,1.537231551225242,-0.0804057864533644,3.462721691774288,4.299538754622393,1.5736988024908316,-0.0702927204191683,1,1.5736988024908316,llm_only_prior,89,1.0,False,False,,,False,0.20841925298013841,False
gated_trip_suppression_a0p25_d0p15,3.4422554273784547,4.3400266821887135,2.310886279314748,-0.1219742878522525,3.702632620405741,4.630809256501229,2.6981282798298167,-0.2415740339867575,1,2.6981282798298167,gated_llm_adapter,89,1.0,False,False,,,False,0.20841925298013841,False
llm_confidence_pressure_a0p5,3.445520046833644,4.344200156586953,2.301490627969509,-0.1241331604704563,3.710482472926517,4.64229200771402,2.6923368542616752,-0.2477389873223237,1,2.6923368542616752,llm_event_adapter,89,1.0,False,False,,,False,0.20841925298013841,False
gated_trip_suppression_a0p25_d0p1,3.4655582694482563,4.3674230669796215,2.3499731572868443,-0.1361839037790446,3.726422988339385,4.659150253556038,2.7381268741085747,-0.2568176423320143,1,2.7381268741085747,gated_llm_adapter,89,1.0,False,False,,,False,0.20841925298013841,False
global_trip_suppression_a0p25,3.4593509500474195,4.355331744121112,2.334185595970747,-0.1299015037273281,3.732236128894367,4.659531770554442,2.734606320500438,-0.2570234811224774,1,2.734606320500438,global_event_prior,1,0.011235955056179775,False,False,,,False,0.20841925298013841,False
gated_trip_suppression_a0p25_d0p05,3.4769846815252747,4.38009771807348,2.370277796970714,-0.1427880868157869,3.7386457529894,4.673599315535689,2.757459056814125,-0.2646250723860484,1,2.757459056814125,gated_llm_adapter,89,1.0,False,False,,,False,0.20841925298013841,False
llm_trip_suppression_a0p25,3.487991477827088,4.391357225000235,2.3890281684201105,-0.1486709549618987,3.750320120530385,4.685755563226898,2.7757499582020486,-0.271212324584223,1,2.7757499582020486,llm_event_adapter,89,1.0,False,False,,,False,0.20841925298013841,False
global_recovery_pressure_a0p25,3.572729315972621,4.472231470490659,2.516265516645876,-0.1913699783735973,3.859426558159534,4.794691055100345,2.9252639436826,-0.3310062453613349,1,2.9252639436826,global_event_prior,1,0.011235955056179775,False,False,,,False,0.20841925298013841,False
llm_recovery_pressure_a0p25,3.5794842604147683,4.481157735301207,2.52230498502718,-0.1961305086958129,3.86171438154349,4.800696524598646,2.9240624128376203,-0.3343425701550826,1,2.9240624128376203,llm_event_adapter,89,1.0,False,False,,,False,0.20841925298013841,False
llm_confidence_pressure_a0p25,3.714570449044328,4.622418853723106,2.733543131308981,-0.2727312188653148,4.014954498804659,4.964445954673559,3.148760281698173,-0.4269225788454003,1,3.148760281698173,llm_event_adapter,89,1.0,False,False,,,False,0.20841925298013841,False
llm_only_trip_suppression_a0p5,4.000392059204603,4.712714568545461,2.4896536173589463,-0.3229407048325059,4.070456238221791,4.775755877372692,2.5489625972581065,-0.3205141931984221,1,2.5489625972581065,llm_only_prior,89,1.0,False,False,,,False,0.20841925298013841,False
historical_mean_trend_shift,3.827840812323869,4.772133717292923,2.908867962469909,-0.3565109814290721,4.150449240826088,5.146318950759584,3.3484560369561245,-0.533388611135309,1,3.3484560369561245,traditional,0,0.0,False,False,,,False,0.20841925298013841,False
historical_xgboost,4.004555516319705,4.932823037039285,3.165595634648453,-0.449403068808502,4.337687319043563,5.316934312940995,3.605183709134669,-0.6367465180201153,1,3.605183709134669,traditional,0,0.0,False,False,0.18947204816376217,0.047448465211931,True,0.18947204816376217,False
llm_only_trip_suppression_a0p25,4.66214915775518,5.310077991340978,3.442075683492652,-0.679576946124177,4.762843504047827,5.399223795158256,3.5242263920253816,-0.6878019879720811,1,3.5242263920253816,llm_only_prior,89,1.0,False,False,,,False,0.20841925298013841,False
historical_mean_only,5.381108992199417,6.008304577368937,4.394497749626358,-1.1503145103283772,5.51164356902712,6.125141114482981,4.499490186792657,-1.1721561047401452,1,4.499490186792657,traditional,0,0.0,False,False,,,False,0.20841925298013841,False
