subgroup_column,subgroup_value,rows,weight_sum,abs_weighted_bias_cohort_trip_suppression_a1,abs_weighted_bias_global_trip_suppression_a1,abs_weighted_bias_global_trip_suppression_a1p25,abs_weighted_bias_historical_xgboost,abs_weighted_bias_primary_gated_adapter,weighted_bias_cohort_trip_suppression_a1,weighted_bias_global_trip_suppression_a1,weighted_bias_global_trip_suppression_a1p25,weighted_bias_historical_xgboost,weighted_bias_primary_gated_adapter,weighted_mae_cohort_trip_suppression_a1,weighted_mae_global_trip_suppression_a1,weighted_mae_global_trip_suppression_a1p25,weighted_mae_historical_xgboost,weighted_mae_primary_gated_adapter,weighted_rmse_cohort_trip_suppression_a1,weighted_rmse_global_trip_suppression_a1,weighted_rmse_global_trip_suppression_a1p25,weighted_rmse_historical_xgboost,weighted_rmse_primary_gated_adapter,primary_vs_history_mae_delta,primary_vs_global_a1_mae_delta,primary_vs_global_a1p25_mae_delta,cohort_a1_vs_global_a1_mae_delta,primary_vs_global_a1_abs_bias_delta,primary_beats_global_a1,primary_beats_global_a1p25
HHFAMINC,1,300,7385631.213695964,0.7033809481198,1.7423276364282732,1.0751479053161372,4.411046527376085,0.7866838446786224,0.7033809481198,1.7423276364282732,1.0751479053161372,4.411046527376085,0.7866838446786224,1.626461579677531,2.2236631200814343,1.7971404735049565,4.53848906912435,1.6721806054226938,2.2348078263720272,2.8589907926673535,2.3213607712214284,5.613449083402732,2.298032149809568,2.8663084637016563,0.5514825146587405,0.12495986808226278,0.5972015404039033,0.9556437917496508,True,True
HHVEHCNT,0,476,10712489.268148404,0.243726211125341,0.8757405821840643,0.3395481184851415,3.02051043080902,0.23560677995532953,-0.243726211125341,0.8757405821840643,0.3395481184851415,3.02051043080902,-0.23560677995532953,1.425965839004212,1.747932012676762,1.544881244908364,3.2940542252334657,1.4329291352316649,1.9846612140599325,2.249947116534314,2.0239733767520645,4.085218061263742,2.000708993072601,1.8611250900018008,0.31500287744509703,0.11195210967669911,0.32196617367254987,0.6401338022287347,True,True
HHFAMINC,2,242,5158270.638978538,0.009815117080554358,0.8797829674393634,0.27019766018265634,3.3181242182829087,0.03629322679470368,0.009815117080554358,0.8797829674393634,0.27019766018265634,3.3181242182829087,0.03629322679470368,1.8794549474903768,2.1341859834601324,1.9283719291090993,3.6735767909235877,1.8787067194437883,2.9078067860088113,2.9154761970272594,2.818587460702758,4.568325586202922,2.9042502264850523,1.7948700714797994,0.25547926401634413,0.04966520966531096,0.25473103596975566,0.8434897406446596,True,True
WRKCOUNT,0,2758,43369247.00021003,0.4399178910676315,0.6905319153259456,0.03496757666198516,3.3127892746294365,0.3981873027039279,0.4399178910676315,0.6905319153259456,0.03496757666198516,3.3127892746294365,0.3981873027039279,2.095581928294794,2.18802724465089,2.0426443775727443,3.7958641290321573,2.0709903948430934,2.7736891903385215,2.850428749819229,2.7142427448244066,4.657050870858809,2.758257936956009,1.7248737341890639,0.11703684980779672,-0.028346017270349133,0.0924453163560961,0.2923446126220177,True,False
HHSIZE,5,343,7521882.49142153,0.32269638399784634,0.272094868951605,1.8001395534440434,5.840083897323465,0.4083473728043479,0.32269638399784634,-0.272094868951605,-1.8001395534440434,5.840083897323465,-0.4083473728043479,4.750535471952468,4.808312569200521,4.734764203833489,7.473354137571705,4.70907790735122,6.216401142357046,6.338461748545015,6.614148955271274,8.692325109504734,6.28814287912884,2.764276230220485,0.09923466184930163,0.025686296482269277,0.05777709724805291,-0.1362525038527429,True,True
HHSIZE,4,786,15515882.315177334,0.3927391445430218,0.13238805000496667,1.423783495473166,5.033193729651026,0.2620502920896849,0.3927391445430218,-0.13238805000496667,-1.423783495473166,5.033193729651026,-0.2620502920896849,3.6145130452384953,3.6503392746802987,3.7013252087498425,6.137309565327825,3.561921406879212,4.7696801020096125,4.892627317077467,5.138210351744362,7.017456346673153,4.82849206716281,2.5753881584486127,0.08841786780108674,0.1394038018706305,0.03582622944180347,-0.12966224208471822,True,True
HHFAMINC,5,824,13569737.559333522,0.5501450726345131,0.5895990413387718,0.2026463917614401,3.7585807862829785,0.41940052456356974,0.5501450726345131,0.5895990413387718,-0.2026463917614401,3.7585807862829785,0.41940052456356974,2.3414854842702644,2.3498521233620004,2.2242031470253876,4.278131228056276,2.265014277044657,3.216141474765211,3.2342884154305787,3.1689622564019726,5.219018451984188,3.1646086755608005,2.0131169510116194,0.08483784631734359,-0.04081113001926928,0.008366639091736072,0.1701985167752021,True,False
HHVEHCNT,1,2623,42271037.00351419,0.08642146232389447,0.41769318769355285,0.24783026417568965,3.079786984366844,0.19993221906012695,0.08642146232389447,0.41769318769355285,-0.24783026417568965,3.079786984366844,0.19993221906012695,1.9756310409615905,2.0650909574923464,1.9808676183764664,3.54487623384552,1.994850226744348,2.741037890071161,2.7898034371574525,2.7614992700630077,4.394623968129482,2.7622705128042537,1.5500260071011722,0.07024073074799841,-0.013982608367881566,0.08945991653075591,0.2177609686334259,True,False
CENSUS_R,1,1363,22465587.35554148,0.0869091720265325,0.019731526000244762,0.8169922040851877,3.366626452054733,0.21607469237335683,0.0869091720265325,0.019731526000244762,-0.8169922040851877,3.366626452054733,-0.21607469237335683,2.468212541942466,2.485661717588466,2.459338807560631,4.128547263733302,2.4160301702602545,3.447074668616304,3.496401175040776,3.6476418116638176,4.999645941640597,3.466281164908239,1.7125170934730476,0.06963154732821142,0.043308637300376596,0.017449175646000015,-0.19634316637311205,True,True
CENSUS_R,4,1754,28614362.491326496,0.21867423268209407,0.0654267391485736,0.9472798248687377,3.461985590916318,0.18182708283998328,0.21867423268209407,-0.0654267391485736,-0.9472798248687377,3.461985590916318,-0.18182708283998328,2.551402391746962,2.581480912319827,2.6079684152875044,4.202172596734363,2.5175193438717924,3.5394741891311843,3.658673520088898,3.8363578546428947,5.1856049476041886,3.609391770720888,1.6846532528625708,0.06396156844803436,0.09044907141571201,0.030078520572864864,-0.11640034369140968,True,True
HHSIZE,3,967,19001129.40531972,0.36805540314140817,0.016556660121087263,1.0528189627941684,4.128492533114292,0.10790654786419708,0.36805540314140817,-0.016556660121087263,-1.0528189627941684,4.128492533114292,-0.10790654786419708,2.983541200076944,2.9626491420277516,2.938791414004285,5.071495992734984,2.9035998999209025,3.9974477260416617,4.020867444985953,4.175796438442326,5.759460549840801,4.002697123514047,2.167896092814081,0.05904924210684914,0.03519151408338228,-0.020892058049192475,-0.09134988774310981,True,True
HHSIZE,6,123,2635515.1905298526,1.4305309079897777,1.1780498999346962,0.45987698375845054,7.729757351573268,0.795127998286135,1.4305309079897777,1.1780498999346962,-0.45987698375845054,7.729757351573268,0.795127998286135,4.458109095606371,4.034890183623813,3.58363709976365,8.3778366433052,3.976006409659672,5.566545921006872,5.090160275138908,4.940552838185109,9.437028977622047,5.18545492022794,4.401830233645528,0.05888377396414102,-0.3923693098960217,-0.42321891198255823,0.3829219016485612,True,False
CENSUS_R,2,1861,27691062.214524657,0.3266439187159874,0.11610700249215836,0.7637881353435391,3.6356875659486194,0.016308611191168002,0.3266439187159874,0.11610700249215836,-0.7637881353435391,3.6356875659486194,0.016308611191168002,2.5687449368369286,2.5536166400215423,2.5192329132206277,4.366539726269556,2.4970493677183927,3.6206821710694066,3.6562654231525,3.765660260742098,5.38551695449052,3.6215022792681286,1.8694903585511633,0.05656727230314962,0.022183545502235003,-0.0151282968153863,0.09979839130099036,True,True
URBRUR,1,6306,102919309.81442939,0.19354040868246483,0.059619443452501295,0.8056167479448197,3.5205641976557436,0.1047166382122779,0.19354040868246483,0.059619443452501295,-0.8056167479448197,3.5205641976557436,-0.1047166382122779,2.5622169192871707,2.560873720344341,2.54344169975218,4.275256843505037,2.508761334705906,3.597330124041209,3.6232160018104502,3.7500612256307377,5.269357346957938,3.59871325139074,1.7664955087991312,0.05211238563843512,0.03468036504627392,-0.0013431989428296376,-0.04509719475977661,True,True
RAIL,2,6085,97262101.81941086,0.3171481184220875,0.166403681036562,0.7122035152966217,3.680832462735563,0.022611208608512044,0.3171481184220875,0.166403681036562,-0.7122035152966217,3.680832462735563,0.022611208608512044,2.5975367065658985,2.592036593633855,2.545818424950627,4.436994066057241,2.5411078324045695,3.695287521147404,3.717575122085623,3.8194095607916,5.448035433414492,3.691551157137315,1.8958862336526714,0.05092876122928569,0.004710592546057324,-0.005500112932043333,0.14379247242804996,True,True
RAIL,1,1808,30282605.18058914,0.19205970972317937,0.01693459453292036,0.8617217353525526,3.3622139668894455,0.16965481121374132,0.19205970972317937,-0.01693459453292036,-0.8617217353525526,3.3622139668894455,-0.16965481121374132,2.445575815070332,2.428017256697244,2.4468973452279696,4.018732497230875,2.377571516526743,3.323167812937854,3.3201145068514415,3.4871238175147523,4.872058947075485,3.306444938154041,1.6411609807041323,0.050445740170501185,0.06932582870122683,-0.01755855837308795,-0.15272021668082095,True,True
URBRUR,2,1587,24625397.18557062,0.6799287555637201,0.38724070456434634,0.5056596708217245,3.9588422370607996,0.3183294093000931,0.6799287555637201,0.38724070456434634,-0.5056596708217245,3.9588422370607996,0.3183294093000931,2.5582811549397935,2.5205790086705893,2.434105421359032,4.598609057904964,2.47519106947386,3.664570094087785,3.643556251741281,3.7143197350063573,5.511333845800079,3.6252076136085236,2.123417988431104,0.04538793919672912,-0.04108564811482829,-0.037702146269204206,0.06891129526425321,True,False
HHSIZE,1,2271,36408704.97134426,0.0037629510238772887,0.22195611026671383,0.21536709480438615,1.9712489257273695,0.02475895969184513,0.0037629510238772887,0.22195611026671383,-0.21536709480438615,1.9712489257273695,0.02475895969184513,1.368388106198946,1.395216280630126,1.3771946945682425,2.3459737156676757,1.3516452866945134,1.8030871525252645,1.8189755136644075,1.8257517232699665,2.677085422756555,1.7945092229481325,0.9943284289731622,0.04357099393561259,0.025549407873729058,0.02682817443118002,0.1971971505748687,True,True
HHFAMINC,3,467,8616666.685066657,0.1507829021296579,0.6538641332956843,0.039914517863931014,3.4289787103464517,0.3459375492488289,0.1507829021296579,0.6538641332956843,-0.039914517863931014,3.4289787103464517,0.3459375492488289,2.1828893302962356,2.1713611038869196,2.0048142477492377,3.9098364643281056,2.140112812945198,3.2239047376364205,3.094937321022181,3.0743098315396837,4.822928774670808,3.0963153957831455,1.7697236513829075,0.031248290941721546,-0.1352985651959604,-0.011528226409315945,0.30792658404685536,True,False
CENSUS_R,3,2915,48773694.938607365,0.3979143786026412,0.2846962081815025,0.5895691755695528,3.781757732796926,0.13669524497153665,0.3979143786026412,0.2846962081815025,-0.5895691755695528,3.781757732796926,0.13669524497153665,2.6061673902235265,2.5672030160977437,2.5028654787369247,4.497141462828198,2.5360360966380484,3.7177142109048065,3.6510442353618036,3.7184137781965276,5.492721177087491,3.6523628677592352,1.9611053661901496,0.031166919459695297,-0.033170617901123745,-0.0389643741257828,0.14800096320996584,True,False
WRKCOUNT,1,2790,45309376.45428127,0.3163571191694752,0.17071316516690163,0.6409156057292238,3.417228240043653,0.05302958400814557,0.3163571191694752,0.17071316516690163,-0.6409156057292238,3.417228240043653,0.05302958400814557,2.3612183226127943,2.3157607031431486,2.2479449691048607,4.081653120260532,2.285844825150669,3.3897491058458256,3.361828901148422,3.4369758919860938,5.01290066007254,3.339674279085721,1.7958082951098633,0.029915877992479523,-0.03789985604580837,-0.04545761946964566,0.11768358115875606,True,False
HHSIZE,2,3339,44750885.62745042,0.37155036061224544,0.18034484399476494,0.6313813484653186,3.427249614564765,0.08068894513463881,0.37155036061224544,0.18034484399476494,-0.6313813484653186,3.427249614564765,0.08068894513463881,2.36379849388891,2.323702772382297,2.289731058891626,4.0668189444367595,2.2983313942835335,3.037917333767929,3.0299649633490557,3.0972146414384563,4.571531132023727,3.021061118905013,1.768487550153226,0.025371378098763664,-0.008600335391907521,-0.04009572150661267,0.09965589886012613,True,False
HHFAMINC,4,552,9884379.583201796,0.5047912190653779,0.7826431102882849,0.02664441954101228,4.019793249970088,0.5517096130851066,0.5047912190653779,0.7826431102882849,-0.02664441954101228,4.019793249970088,0.5517096130851066,2.3756349115937128,2.3919300201806597,2.2093464155280786,4.468468762073294,2.3732570065124277,3.2906093628081274,3.221802424271336,3.0938788892806097,5.495768928180631,3.2529720205937998,2.0952117555608663,0.01867301366823204,-0.163910590984349,0.016295108586946938,0.23093349720317835,True,False
HHVEHCNT,3,1043,16859279.62179253,0.7410918557471181,0.23597325993526952,1.3475644141520648,4.210391336547058,0.155295267655519,0.7410918557471181,-0.23597325993526952,-1.3475644141520648,4.210391336547058,-0.155295267655519,3.416889976634678,3.2352643653428683,3.22162993168497,5.2973697938689055,3.221456033265956,4.5332884992585125,4.521497208966374,4.749627758988551,6.302912515779149,4.50345043089388,2.0759137606029494,0.013808332076912233,0.00017389841901405134,-0.18162561129180954,0.08067799227975053,True,True
HHFAMINC,6,1392,21252307.49957845,0.7131772925098748,0.5484898307752228,0.30289930961567313,3.9540463640721475,0.4682367553775738,0.7131772925098748,0.5484898307752228,-0.30289930961567313,3.9540463640721475,0.4682367553775738,2.4751913040418003,2.3828426019684423,2.271523795253691,4.425200856126517,2.3718215476882203,3.3071747111543623,3.198963102379633,3.158281832609384,5.376501250435739,3.1952516818938594,2.0533793084382963,0.011021054280222042,-0.10029775243452921,-0.09234870207335799,0.08025307539764903,True,False
HHVEHCNT,2,3199,48347256.666449025,0.3462073506372239,0.08313104375057417,1.059476118272716,3.8222492675269266,0.08144701138624956,0.3462073506372239,-0.08313104375057417,-1.059476118272716,3.8222492675269266,-0.08144701138624956,2.866683602532633,2.798938728943172,2.821749565990614,4.724655462296371,2.7894053027274657,3.9756088416824475,3.9820604051168123,4.155989030309248,5.646324851127876,3.9720438369100863,1.9352501595689056,0.00953342621570652,0.03234426326314832,-0.06774487358946102,0.0016840323643246141,True,True
WRKCOUNT,2,2026,32224592.582005654,0.06570903880548655,0.5028112579088281,1.6248547624975307,3.9853627699294862,0.5315509606195533,0.06570903880548655,-0.5028112579088281,-1.6248547624975307,3.9853627699294862,-0.5315509606195533,3.165721413480187,3.0893262812231206,3.218428775538756,5.029577024538831,3.0827859464820637,4.375156545073408,4.396194545057763,4.6943215429874225,6.007224972846342,4.418585517738671,1.9467910780567674,0.0065403347410568635,0.13564282905669245,-0.0763951322570664,-0.028739702710725235,True,True
HHFAMINC,7,1120,16651924.971661704,0.18832390631787202,0.6259741097530146,1.5150678995609557,2.9304010429260794,0.6289561605541402,-0.18832390631787202,-0.6259741097530146,-1.5150678995609557,2.9304010429260794,-0.6289561605541402,2.6430175872104766,2.6044566871298493,2.7477515493915887,3.9373581843590255,2.603130948630247,3.789747213308929,3.8442847522115104,4.129138029334119,4.914411696913703,3.838365105961481,1.3342272357287785,0.0013257384996023802,0.14462060076134176,-0.03856090008062729,-0.0029820508011255686,True,True
HHFAMINC,10,593,9895359.59758039,0.0516043321888117,0.6295775974063018,1.669984446501039,3.532049748150149,0.6122787241917323,0.0516043321888117,-0.6295775974063018,-1.669984446501039,3.532049748150149,-0.6122787241917323,3.09637329979376,2.986713311935025,3.1047413020834793,4.675380274305842,2.9951329693793713,4.284005846918903,4.248827897823922,4.542783136075702,5.743009513606296,4.254555962586669,1.6802473049264703,-0.008419657444346473,0.10960833270410797,-0.10965998785873499,0.017298873214569466,False,True
HHFAMINC,9,611,8490208.346397549,0.035793281781199573,0.7343650715026324,1.7577758360815199,3.359278017194345,0.7347123118598886,-0.035793281781199573,-0.7343650715026324,-1.7577758360815199,3.359278017194345,-0.7347123118598886,2.9170465178877505,2.841555425631406,3.0451311444236575,4.381698529696394,2.8528739928168996,3.963377220212374,4.057768148162469,4.4248124539387765,5.302637768385783,4.0627093564495915,1.5288245368794948,-0.0113185671854934,0.19225715160675794,-0.07549109225634432,-0.0003472403572561955,False,True
HHFAMINC,8,890,12256706.34625848,0.1461575336393885,0.34880100813381004,1.2997135312649286,3.454849094052443,0.3648449986952827,0.1461575336393885,-0.34880100813381004,-1.2997135312649286,3.454849094052443,-0.3648449986952827,2.826221127871085,2.7544254519060245,2.83537746479418,4.555602196706703,2.7689977088255127,4.135869418794292,4.1912577476632205,4.430779021602819,5.515788232442065,4.203814127869534,1.7866044878811902,-0.014572256919488158,0.06637975596866719,-0.07179567596506065,-0.016043990561472654,False,True
HHFAMINC,11,806,12741223.017888635,0.14247510792271253,0.6852329137704813,1.7355738239336225,3.516130758751933,0.5514760804795884,0.14247510792271253,-0.6852329137704813,-1.7355738239336225,3.516130758751933,-0.5514760804795884,3.1817884663933556,3.0629183992482343,3.18584619904094,4.6388747368674474,3.0856471819442577,4.298784854068008,4.319004661885798,4.653850761294577,5.623895902347544,4.3396489104392595,1.5532275549231898,-0.02272878269602341,0.10019901709668222,-0.11887006714512127,0.13375683329089294,False,True
HHVEHCNT,4,360,6251993.794303581,0.370687165784614,0.6430668749507445,1.8558836122261773,4.208200087268573,0.5662521382855887,0.370687165784614,-0.6430668749507445,-1.8558836122261773,4.208200087268573,-0.5662521382855887,3.294001121528472,3.1295925860377554,3.3237067251401955,5.217972223759558,3.15793323015406,4.486559761628605,4.462908483435968,4.8192829036317875,6.292994877875832,4.4723079313825265,2.060038993605498,-0.02834064411630477,0.16577349498613536,-0.16440853549071655,0.07681473666515581,False,True
WRKCOUNT,3,266,5430724.960110581,0.05929009787534396,0.9736927674006265,2.391648475491914,4.698129954651637,0.9339439196931458,0.05929009787534396,-0.9736927674006265,-2.391648475491914,4.698129954651637,-0.9339439196931458,3.8148661704529125,3.7479024207861755,3.988718631758865,6.094685476766037,3.7974346890334227,5.245726301059601,5.272204386335676,5.7254432916931135,7.119696420827268,5.315734627856559,2.297250787732614,-0.04953226824724721,0.19128394272544247,-0.06696374966673702,0.03974884770748066,False,True
HHFAMINC,-7,93,1600742.7281241086,1.127890215921272,0.7052075622187784,0.09542344491494219,3.9077316018867134,0.7823914092548686,1.127890215921272,0.7052075622187784,-0.09542344491494219,3.9077316018867134,0.7823914092548686,2.314321660951804,2.172548579093972,2.00724082567429,4.190036292808106,2.249732423180723,2.893825524557619,2.7059808933201936,2.6268789985252186,4.916311054046992,2.825426390989851,1.9403038696273827,-0.07718384408675139,-0.242491597506433,-0.14177308185783222,-0.07718384703609016,False,False
HHVEHCNT,5,122,1810760.2076290352,0.4969820660272778,0.6127559967661147,1.796793807425023,4.123395240142873,0.5115965120711025,0.4969820660272778,-0.6127559967661147,-1.796793807425023,4.123395240142873,-0.5115965120711025,3.7555702968465305,3.6056473547436716,3.7593050044146086,5.3879673557152445,3.6855948993601877,4.970515914176104,4.8995426622633405,5.132810263144994,6.841340435199427,4.945015631486033,1.7023724563550569,-0.0799475446165161,0.07371010505442088,-0.14992294210285895,0.10115948469501224,False,True
