method,rows,weight_sum,weighted_mae,weighted_rmse,weighted_bias,abs_weighted_bias,weighted_target_mean,weighted_prediction_mean,subgroup_column,subgroup_value
historical_xgboost,2758,43369247.00021003,3.7958641290321573,4.657050870858809,3.3127892746294365,3.3127892746294365,2.2875122074459955,5.600301482075433,WRKCOUNT,0
global_trip_suppression_a1,2758,43369247.00021003,2.18802724465089,2.850428749819229,0.6905319153259456,0.6905319153259456,2.2875122074459955,2.9780441227719407,WRKCOUNT,0
global_trip_suppression_a1p25,2758,43369247.00021003,2.0426443775727443,2.7142427448244066,0.03496757666198516,0.03496757666198516,2.2875122074459955,2.3224797841079803,WRKCOUNT,0
cohort_trip_suppression_a1,2758,43369247.00021003,2.095581928294794,2.7736891903385215,0.4399178910676315,0.4399178910676315,2.2875122074459955,2.727430098513627,WRKCOUNT,0
primary_gated_adapter,2758,43369247.00021003,2.0709903948430934,2.758257936956009,0.3981873027039279,0.3981873027039279,2.2875122074459955,2.6856995101499233,WRKCOUNT,0
historical_xgboost,2790,45309376.45428127,4.081653120260532,5.01290066007254,3.417228240043653,3.417228240043653,3.5162877007562527,6.933515940799906,WRKCOUNT,1
global_trip_suppression_a1,2790,45309376.45428127,2.3157607031431486,3.361828901148422,0.17071316516690163,0.17071316516690163,3.5162877007562527,3.687000865923154,WRKCOUNT,1
global_trip_suppression_a1p25,2790,45309376.45428127,2.2479449691048607,3.4369758919860938,-0.6409156057292238,0.6409156057292238,3.5162877007562527,2.8753720950270285,WRKCOUNT,1
cohort_trip_suppression_a1,2790,45309376.45428127,2.3612183226127943,3.3897491058458256,0.3163571191694752,0.3163571191694752,3.5162877007562527,3.832644819925728,WRKCOUNT,1
primary_gated_adapter,2790,45309376.45428127,2.285844825150669,3.339674279085721,0.05302958400814557,0.05302958400814557,3.5162877007562527,3.5693172847643986,WRKCOUNT,1
historical_xgboost,2026,32224592.582005654,5.029577024538831,6.007224972846342,3.9853627699294862,3.9853627699294862,5.599938828720369,9.585301598649854,WRKCOUNT,2
global_trip_suppression_a1,2026,32224592.582005654,3.0893262812231206,4.396194545057763,-0.5028112579088281,0.5028112579088281,5.599938828720369,5.097127570811542,WRKCOUNT,2
global_trip_suppression_a1p25,2026,32224592.582005654,3.218428775538756,4.6943215429874225,-1.6248547624975307,1.6248547624975307,5.599938828720369,3.975084066222839,WRKCOUNT,2
cohort_trip_suppression_a1,2026,32224592.582005654,3.165721413480187,4.375156545073408,0.06570903880548655,0.06570903880548655,5.599938828720369,5.6656478675258555,WRKCOUNT,2
primary_gated_adapter,2026,32224592.582005654,3.0827859464820637,4.418585517738671,-0.5315509606195533,0.5315509606195533,5.599938828720369,5.068387868100816,WRKCOUNT,2
historical_xgboost,266,5430724.960110581,6.094685476766037,7.119696420827268,4.698129954651637,4.698129954651637,7.415066036008874,12.113195990660511,WRKCOUNT,3
global_trip_suppression_a1,266,5430724.960110581,3.7479024207861755,5.272204386335676,-0.9736927674006265,0.9736927674006265,7.415066036008874,6.441373268608246,WRKCOUNT,3
global_trip_suppression_a1p25,266,5430724.960110581,3.988718631758865,5.7254432916931135,-2.391648475491914,2.391648475491914,7.415066036008874,5.023417560516959,WRKCOUNT,3
cohort_trip_suppression_a1,266,5430724.960110581,3.8148661704529125,5.245726301059601,0.05929009787534396,0.05929009787534396,7.415066036008874,7.474356133884217,WRKCOUNT,3
primary_gated_adapter,266,5430724.960110581,3.7974346890334227,5.315734627856559,-0.9339439196931458,0.9339439196931458,7.415066036008874,6.481122116315727,WRKCOUNT,3
historical_xgboost,476,10712489.268148404,3.2940542252334657,4.085218061263742,3.02051043080902,3.02051043080902,1.560030731758171,4.580541162567191,HHVEHCNT,0
global_trip_suppression_a1,476,10712489.268148404,1.747932012676762,2.249947116534314,0.8757405821840643,0.8757405821840643,1.560030731758171,2.4357713139422352,HHVEHCNT,0
global_trip_suppression_a1p25,476,10712489.268148404,1.544881244908364,2.0239733767520645,0.3395481184851415,0.3395481184851415,1.560030731758171,1.8995788502433122,HHVEHCNT,0
cohort_trip_suppression_a1,476,10712489.268148404,1.425965839004212,1.9846612140599325,-0.243726211125341,0.243726211125341,1.560030731758171,1.31630452063283,HHVEHCNT,0
primary_gated_adapter,476,10712489.268148404,1.4329291352316649,2.000708993072601,-0.23560677995532953,0.23560677995532953,1.560030731758171,1.3244239518028413,HHVEHCNT,0
historical_xgboost,2623,42271037.00351419,3.54487623384552,4.394623968129482,3.079786984366844,3.079786984366844,2.6055923699611636,5.685379354328008,HHVEHCNT,1
global_trip_suppression_a1,2623,42271037.00351419,2.0650909574923464,2.7898034371574525,0.41769318769355285,0.41769318769355285,2.6055923699611636,3.0232855576547166,HHVEHCNT,1
global_trip_suppression_a1p25,2623,42271037.00351419,1.9808676183764664,2.7614992700630077,-0.24783026417568965,0.24783026417568965,2.6055923699611636,2.357762105785474,HHVEHCNT,1
cohort_trip_suppression_a1,2623,42271037.00351419,1.9756310409615905,2.741037890071161,0.08642146232389447,0.08642146232389447,2.6055923699611636,2.6920138322850584,HHVEHCNT,1
primary_gated_adapter,2623,42271037.00351419,1.994850226744348,2.7622705128042537,0.19993221906012695,0.19993221906012695,2.6055923699611636,2.8055245890212905,HHVEHCNT,1
historical_xgboost,3199,48347256.666449025,4.724655462296371,5.646324851127876,3.8222492675269266,3.8222492675269266,4.518391692331188,8.340640959858113,HHVEHCNT,2
global_trip_suppression_a1,3199,48347256.666449025,2.798938728943172,3.9820604051168123,-0.08313104375057417,0.08313104375057417,4.518391692331188,4.435260648580614,HHVEHCNT,2
global_trip_suppression_a1p25,3199,48347256.666449025,2.821749565990614,4.155989030309248,-1.059476118272716,1.059476118272716,4.518391692331188,3.458915574058472,HHVEHCNT,2
cohort_trip_suppression_a1,3199,48347256.666449025,2.866683602532633,3.9756088416824475,0.3462073506372239,0.3462073506372239,4.518391692331188,4.864599042968412,HHVEHCNT,2
primary_gated_adapter,3199,48347256.666449025,2.7894053027274657,3.9720438369100863,-0.08144701138624956,0.08144701138624956,4.518391692331188,4.436944680944938,HHVEHCNT,2
historical_xgboost,1043,16859279.62179253,5.2973697938689055,6.302912515779149,4.210391336547058,4.210391336547058,5.285618726248936,9.496010062795994,HHVEHCNT,3
global_trip_suppression_a1,1043,16859279.62179253,3.2352643653428683,4.521497208966374,-0.23597325993526952,0.23597325993526952,5.285618726248936,5.049645466313666,HHVEHCNT,3
global_trip_suppression_a1p25,1043,16859279.62179253,3.22162993168497,4.749627758988551,-1.3475644141520648,1.3475644141520648,5.285618726248936,3.9380543120968707,HHVEHCNT,3
cohort_trip_suppression_a1,1043,16859279.62179253,3.416889976634678,4.5332884992585125,0.7410918557471181,0.7410918557471181,5.285618726248936,6.026710581996054,HHVEHCNT,3
primary_gated_adapter,1043,16859279.62179253,3.221456033265956,4.50345043089388,-0.155295267655519,0.155295267655519,5.285618726248936,5.130323458593416,HHVEHCNT,3
historical_xgboost,360,6251993.794303581,5.217972223759558,6.292994877875832,4.208200087268573,4.208200087268573,6.152551673807586,10.360751761076159,HHVEHCNT,4
global_trip_suppression_a1,360,6251993.794303581,3.1295925860377554,4.462908483435968,-0.6430668749507445,0.6430668749507445,6.152551673807586,5.509484798856842,HHVEHCNT,4
global_trip_suppression_a1p25,360,6251993.794303581,3.3237067251401955,4.8192829036317875,-1.8558836122261773,1.8558836122261773,6.152551673807586,4.29666806158141,HHVEHCNT,4
cohort_trip_suppression_a1,360,6251993.794303581,3.294001121528472,4.486559761628605,0.370687165784614,0.370687165784614,6.152551673807586,6.523238839592199,HHVEHCNT,4
primary_gated_adapter,360,6251993.794303581,3.15793323015406,4.4723079313825265,-0.5662521382855887,0.5662521382855887,6.152551673807586,5.586299535521997,HHVEHCNT,4
historical_xgboost,122,1810760.2076290352,5.3879673557152445,6.841340435199427,4.123395240142873,4.123395240142873,5.991506225614174,10.114901465757047,HHVEHCNT,5
global_trip_suppression_a1,122,1810760.2076290352,3.6056473547436716,4.8995426622633405,-0.6127559967661147,0.6127559967661147,5.991506225614174,5.37875022884806,HHVEHCNT,5
global_trip_suppression_a1p25,122,1810760.2076290352,3.7593050044146086,5.132810263144994,-1.796793807425023,1.796793807425023,5.991506225614174,4.194712418189151,HHVEHCNT,5
cohort_trip_suppression_a1,122,1810760.2076290352,3.7555702968465305,4.970515914176104,0.4969820660272778,0.4969820660272778,5.991506225614174,6.4884882916414535,HHVEHCNT,5
primary_gated_adapter,122,1810760.2076290352,3.6855948993601877,4.945015631486033,-0.5115965120711025,0.5115965120711025,5.991506225614174,5.479909713543072,HHVEHCNT,5
historical_xgboost,6306,102919309.81442939,4.275256843505037,5.269357346957938,3.5205641976557436,3.5205641976557436,3.870904830814246,7.391469028469989,URBRUR,1
global_trip_suppression_a1,6306,102919309.81442939,2.560873720344341,3.6232160018104502,0.059619443452501295,0.059619443452501295,3.870904830814246,3.9305242742667468,URBRUR,1
global_trip_suppression_a1p25,6306,102919309.81442939,2.54344169975218,3.7500612256307377,-0.8056167479448197,0.8056167479448197,3.870904830814246,3.0652880828694262,URBRUR,1
cohort_trip_suppression_a1,6306,102919309.81442939,2.5622169192871707,3.597330124041209,0.19354040868246483,0.19354040868246483,3.870904830814246,4.0644452394967105,URBRUR,1
primary_gated_adapter,6306,102919309.81442939,2.508761334705906,3.59871325139074,-0.1047166382122779,0.1047166382122779,3.870904830814246,3.7661881926019682,URBRUR,1
historical_xgboost,1587,24625397.18557062,4.598609057904964,5.511333845800079,3.9588422370607996,3.9588422370607996,3.668954194620326,7.627796431681124,URBRUR,2
global_trip_suppression_a1,1587,24625397.18557062,2.5205790086705893,3.643556251741281,0.38724070456434634,0.38724070456434634,3.668954194620326,4.056194899184671,URBRUR,2
global_trip_suppression_a1p25,1587,24625397.18557062,2.434105421359032,3.7143197350063573,-0.5056596708217245,0.5056596708217245,3.668954194620326,3.163294523798601,URBRUR,2
cohort_trip_suppression_a1,1587,24625397.18557062,2.5582811549397935,3.664570094087785,0.6799287555637201,0.6799287555637201,3.668954194620326,4.348882950184046,URBRUR,2
primary_gated_adapter,1587,24625397.18557062,2.47519106947386,3.6252076136085236,0.3183294093000931,0.3183294093000931,3.668954194620326,3.9872836039204187,URBRUR,2
historical_xgboost,1808,30282605.18058914,4.018732497230875,4.872058947075485,3.3622139668894455,3.3622139668894455,3.854564599231355,7.216778566120801,RAIL,1
global_trip_suppression_a1,1808,30282605.18058914,2.428017256697244,3.3201145068514415,-0.01693459453292036,0.01693459453292036,3.854564599231355,3.8376300046984344,RAIL,1
global_trip_suppression_a1p25,1808,30282605.18058914,2.4468973452279696,3.4871238175147523,-0.8617217353525526,0.8617217353525526,3.854564599231355,2.9928428638788027,RAIL,1
cohort_trip_suppression_a1,1808,30282605.18058914,2.445575815070332,3.323167812937854,0.19205970972317937,0.19205970972317937,3.854564599231355,4.046624308954534,RAIL,1
primary_gated_adapter,1808,30282605.18058914,2.377571516526743,3.306444938154041,-0.16965481121374132,0.16965481121374132,3.854564599231355,3.684909788017614,RAIL,1
historical_xgboost,6085,97262101.81941086,4.436994066057241,5.448035433414492,3.680832462735563,3.680832462735563,3.8248613075631774,7.50569377029874,RAIL,2
global_trip_suppression_a1,6085,97262101.81941086,2.592036593633855,3.717575122085623,0.166403681036562,0.166403681036562,3.8248613075631774,3.991264988599739,RAIL,2
global_trip_suppression_a1p25,6085,97262101.81941086,2.545818424950627,3.8194095607916,-0.7122035152966217,0.7122035152966217,3.8248613075631774,3.1126577922665555,RAIL,2
cohort_trip_suppression_a1,6085,97262101.81941086,2.5975367065658985,3.695287521147404,0.3171481184220875,0.3171481184220875,3.8248613075631774,4.142009425985264,RAIL,2
primary_gated_adapter,6085,97262101.81941086,2.5411078324045695,3.691551157137315,0.022611208608512044,0.022611208608512044,3.8248613075631774,3.847472516171689,RAIL,2
historical_xgboost,93,1600742.7281241086,4.190036292808106,4.916311054046992,3.9077316018867134,3.9077316018867134,2.9318335750363653,6.839565176923079,HHFAMINC,-7
global_trip_suppression_a1,93,1600742.7281241086,2.172548579093972,2.7059808933201936,0.7052075622187784,0.7052075622187784,2.9318335750363653,3.6370411372551437,HHFAMINC,-7
global_trip_suppression_a1p25,93,1600742.7281241086,2.00724082567429,2.6268789985252186,-0.09542344491494219,0.09542344491494219,2.9318335750363653,2.836410130121423,HHFAMINC,-7
cohort_trip_suppression_a1,93,1600742.7281241086,2.314321660951804,2.893825524557619,1.127890215921272,1.127890215921272,2.9318335750363653,4.059723790957637,HHFAMINC,-7
primary_gated_adapter,93,1600742.7281241086,2.249732423180723,2.825426390989851,0.7823914092548686,0.7823914092548686,2.9318335750363653,3.714224984291233,HHFAMINC,-7
historical_xgboost,300,7385631.213695964,4.53848906912435,5.613449083402732,4.411046527376085,4.411046527376085,1.2884819151747369,5.699528442550822,HHFAMINC,1
global_trip_suppression_a1,300,7385631.213695964,2.2236631200814343,2.8589907926673535,1.7423276364282732,1.7423276364282732,1.2884819151747369,3.0308095516030096,HHFAMINC,1
global_trip_suppression_a1p25,300,7385631.213695964,1.7971404735049565,2.3213607712214284,1.0751479053161372,1.0751479053161372,1.2884819151747369,2.3636298204908734,HHFAMINC,1
cohort_trip_suppression_a1,300,7385631.213695964,1.626461579677531,2.2348078263720272,0.7033809481198,0.7033809481198,1.2884819151747369,1.991862863294537,HHFAMINC,1
primary_gated_adapter,300,7385631.213695964,1.6721806054226938,2.298032149809568,0.7866838446786224,0.7866838446786224,1.2884819151747369,2.075165759853359,HHFAMINC,1
historical_xgboost,242,5158270.638978538,3.6735767909235877,4.568325586202922,3.3181242182829087,3.3181242182829087,1.8893913800092257,5.207515598292135,HHFAMINC,2
global_trip_suppression_a1,242,5158270.638978538,2.1341859834601324,2.9154761970272594,0.8797829674393634,0.8797829674393634,1.8893913800092257,2.769174347448589,HHFAMINC,2
global_trip_suppression_a1p25,242,5158270.638978538,1.9283719291090993,2.818587460702758,0.27019766018265634,0.27019766018265634,1.8893913800092257,2.159589040191882,HHFAMINC,2
cohort_trip_suppression_a1,242,5158270.638978538,1.8794549474903768,2.9078067860088113,0.009815117080554358,0.009815117080554358,1.8893913800092257,1.8992064970897802,HHFAMINC,2
primary_gated_adapter,242,5158270.638978538,1.8787067194437883,2.9042502264850523,0.03629322679470368,0.03629322679470368,1.8893913800092257,1.9256846068039293,HHFAMINC,2
historical_xgboost,467,8616666.685066657,3.9098364643281056,4.822928774670808,3.4289787103464517,3.4289787103464517,2.497776823413806,5.926755533760258,HHFAMINC,3
global_trip_suppression_a1,467,8616666.685066657,2.1713611038869196,3.094937321022181,0.6538641332956843,0.6538641332956843,2.497776823413806,3.1516409567094907,HHFAMINC,3
global_trip_suppression_a1p25,467,8616666.685066657,2.0048142477492377,3.0743098315396837,-0.039914517863931014,0.039914517863931014,2.497776823413806,2.4578623055498756,HHFAMINC,3
cohort_trip_suppression_a1,467,8616666.685066657,2.1828893302962356,3.2239047376364205,0.1507829021296579,0.1507829021296579,2.497776823413806,2.648559725543464,HHFAMINC,3
primary_gated_adapter,467,8616666.685066657,2.140112812945198,3.0963153957831455,0.3459375492488289,0.3459375492488289,2.497776823413806,2.843714372662635,HHFAMINC,3
historical_xgboost,552,9884379.583201796,4.468468762073294,5.495768928180631,4.019793249970088,4.019793249970088,2.8937221775899062,6.913515427559993,HHFAMINC,4
global_trip_suppression_a1,552,9884379.583201796,2.3919300201806597,3.221802424271336,0.7826431102882849,0.7826431102882849,2.8937221775899062,3.6763652878781907,HHFAMINC,4
global_trip_suppression_a1p25,552,9884379.583201796,2.2093464155280786,3.0938788892806097,-0.02664441954101228,0.02664441954101228,2.8937221775899062,2.867077758048894,HHFAMINC,4
cohort_trip_suppression_a1,552,9884379.583201796,2.3756349115937128,3.2906093628081274,0.5047912190653779,0.5047912190653779,2.8937221775899062,3.3985133966552845,HHFAMINC,4
primary_gated_adapter,552,9884379.583201796,2.3732570065124277,3.2529720205937998,0.5517096130851066,0.5517096130851066,2.8937221775899062,3.4454317906750123,HHFAMINC,4
historical_xgboost,824,13569737.559333522,4.278131228056276,5.219018451984188,3.7585807862829785,3.7585807862829785,3.0093487962796686,6.7679295825626475,HHFAMINC,5
global_trip_suppression_a1,824,13569737.559333522,2.3498521233620004,3.2342884154305787,0.5895990413387718,0.5895990413387718,3.0093487962796686,3.59894783761844,HHFAMINC,5
global_trip_suppression_a1p25,824,13569737.559333522,2.2242031470253876,3.1689622564019726,-0.2026463917614401,0.2026463917614401,3.0093487962796686,2.8067024045182283,HHFAMINC,5
cohort_trip_suppression_a1,824,13569737.559333522,2.3414854842702644,3.216141474765211,0.5501450726345131,0.5501450726345131,3.0093487962796686,3.5594938689141813,HHFAMINC,5
primary_gated_adapter,824,13569737.559333522,2.265014277044657,3.1646086755608005,0.41940052456356974,0.41940052456356974,3.0093487962796686,3.428749320843238,HHFAMINC,5
historical_xgboost,1392,21252307.49957845,4.425200856126517,5.376501250435739,3.9540463640721475,3.9540463640721475,3.3191311794933216,7.273177543565469,HHFAMINC,6
global_trip_suppression_a1,1392,21252307.49957845,2.3828426019684423,3.198963102379633,0.5484898307752228,0.5484898307752228,3.3191311794933216,3.867621010268544,HHFAMINC,6
global_trip_suppression_a1p25,1392,21252307.49957845,2.271523795253691,3.158281832609384,-0.30289930961567313,0.30289930961567313,3.3191311794933216,3.016231869877648,HHFAMINC,6
cohort_trip_suppression_a1,1392,21252307.49957845,2.4751913040418003,3.3071747111543623,0.7131772925098748,0.7131772925098748,3.3191311794933216,4.032308472003196,HHFAMINC,6
primary_gated_adapter,1392,21252307.49957845,2.3718215476882203,3.1952516818938594,0.4682367553775738,0.4682367553775738,3.3191311794933216,3.787367934870895,HHFAMINC,6
historical_xgboost,1120,16651924.971661704,3.9373581843590255,4.914411696913703,2.9304010429260794,2.9304010429260794,4.664876736389439,7.595277779315518,HHFAMINC,7
global_trip_suppression_a1,1120,16651924.971661704,2.6044566871298493,3.8442847522115104,-0.6259741097530146,0.6259741097530146,4.664876736389439,4.038902626636424,HHFAMINC,7
global_trip_suppression_a1p25,1120,16651924.971661704,2.7477515493915887,4.129138029334119,-1.5150678995609557,1.5150678995609557,4.664876736389439,3.149808836828483,HHFAMINC,7
cohort_trip_suppression_a1,1120,16651924.971661704,2.6430175872104766,3.789747213308929,-0.18832390631787202,0.18832390631787202,4.664876736389439,4.476552830071567,HHFAMINC,7
primary_gated_adapter,1120,16651924.971661704,2.603130948630247,3.838365105961481,-0.6289561605541402,0.6289561605541402,4.664876736389439,4.0359205758352985,HHFAMINC,7
historical_xgboost,890,12256706.34625848,4.555602196706703,5.515788232442065,3.454849094052443,3.454849094052443,4.668528737541171,8.123377831593613,HHFAMINC,8
global_trip_suppression_a1,890,12256706.34625848,2.7544254519060245,4.1912577476632205,-0.34880100813381004,0.34880100813381004,4.668528737541171,4.319727729407361,HHFAMINC,8
global_trip_suppression_a1p25,890,12256706.34625848,2.83537746479418,4.430779021602819,-1.2997135312649286,1.2997135312649286,4.668528737541171,3.368815206276242,HHFAMINC,8
cohort_trip_suppression_a1,890,12256706.34625848,2.826221127871085,4.135869418794292,0.1461575336393885,0.1461575336393885,4.668528737541171,4.814686271180559,HHFAMINC,8
primary_gated_adapter,890,12256706.34625848,2.7689977088255127,4.203814127869534,-0.3648449986952827,0.3648449986952827,4.668528737541171,4.303683738845888,HHFAMINC,8
historical_xgboost,611,8490208.346397549,4.381698529696394,5.302637768385783,3.359278017194345,3.359278017194345,5.383431903888491,8.742709921082838,HHFAMINC,9
global_trip_suppression_a1,611,8490208.346397549,2.841555425631406,4.057768148162469,-0.7343650715026324,0.7343650715026324,5.383431903888491,4.649066832385859,HHFAMINC,9
global_trip_suppression_a1p25,611,8490208.346397549,3.0451311444236575,4.4248124539387765,-1.7577758360815199,1.7577758360815199,5.383431903888491,3.625656067806972,HHFAMINC,9
cohort_trip_suppression_a1,611,8490208.346397549,2.9170465178877505,3.963377220212374,-0.035793281781199573,0.035793281781199573,5.383431903888491,5.347638622107293,HHFAMINC,9
primary_gated_adapter,611,8490208.346397549,2.8528739928168996,4.0627093564495915,-0.7347123118598886,0.7347123118598886,5.383431903888491,4.648719592028603,HHFAMINC,9
historical_xgboost,593,9895359.59758039,4.675380274305842,5.743009513606296,3.532049748150149,3.532049748150149,5.355852796450498,8.887902544600646,HHFAMINC,10
global_trip_suppression_a1,593,9895359.59758039,2.986713311935025,4.248827897823922,-0.6295775974063018,0.6295775974063018,5.355852796450498,4.7262751990441965,HHFAMINC,10
global_trip_suppression_a1p25,593,9895359.59758039,3.1047413020834793,4.542783136075702,-1.669984446501039,1.669984446501039,5.355852796450498,3.6858683499494584,HHFAMINC,10
cohort_trip_suppression_a1,593,9895359.59758039,3.09637329979376,4.284005846918903,0.0516043321888117,0.0516043321888117,5.355852796450498,5.40745712863931,HHFAMINC,10
primary_gated_adapter,593,9895359.59758039,2.9951329693793713,4.254555962586669,-0.6122787241917323,0.6122787241917323,5.355852796450498,4.743574072258766,HHFAMINC,10
historical_xgboost,806,12741223.017888635,4.6388747368674474,5.623895902347544,3.516130758751933,3.516130758751933,5.456635812435828,8.97276657118776,HHFAMINC,11
global_trip_suppression_a1,806,12741223.017888635,3.0629183992482343,4.319004661885798,-0.6852329137704813,0.6852329137704813,5.456635812435828,4.771402898665347,HHFAMINC,11
global_trip_suppression_a1p25,806,12741223.017888635,3.18584619904094,4.653850761294577,-1.7355738239336225,1.7355738239336225,5.456635812435828,3.721061988502206,HHFAMINC,11
cohort_trip_suppression_a1,806,12741223.017888635,3.1817884663933556,4.298784854068008,0.14247510792271253,0.14247510792271253,5.456635812435828,5.599110920358541,HHFAMINC,11
primary_gated_adapter,806,12741223.017888635,3.0856471819442577,4.3396489104392595,-0.5514760804795884,0.5514760804795884,5.456635812435828,4.905159731956239,HHFAMINC,11
historical_xgboost,1363,22465587.35554148,4.128547263733302,4.999645941640597,3.366626452054733,3.366626452054733,3.781268680541182,7.147895132595915,CENSUS_R,1
global_trip_suppression_a1,1363,22465587.35554148,2.485661717588466,3.496401175040776,0.019731526000244762,0.019731526000244762,3.781268680541182,3.801000206541427,CENSUS_R,1
global_trip_suppression_a1p25,1363,22465587.35554148,2.459338807560631,3.6476418116638176,-0.8169922040851877,0.8169922040851877,3.781268680541182,2.9642764764559946,CENSUS_R,1
cohort_trip_suppression_a1,1363,22465587.35554148,2.468212541942466,3.447074668616304,0.0869091720265325,0.0869091720265325,3.781268680541182,3.8681778525677144,CENSUS_R,1
primary_gated_adapter,1363,22465587.35554148,2.4160301702602545,3.466281164908239,-0.21607469237335683,0.21607469237335683,3.781268680541182,3.5651939881678256,CENSUS_R,1
historical_xgboost,1861,27691062.214524657,4.366539726269556,5.38551695449052,3.6356875659486194,3.6356875659486194,3.88100875270086,7.516696318649478,CENSUS_R,2
global_trip_suppression_a1,1861,27691062.214524657,2.5536166400215423,3.6562654231525,0.11610700249215836,0.11610700249215836,3.88100875270086,3.997115755193018,CENSUS_R,2
global_trip_suppression_a1p25,1861,27691062.214524657,2.5192329132206277,3.765660260742098,-0.7637881353435391,0.7637881353435391,3.88100875270086,3.11722061735732,CENSUS_R,2
cohort_trip_suppression_a1,1861,27691062.214524657,2.5687449368369286,3.6206821710694066,0.3266439187159874,0.3266439187159874,3.88100875270086,4.207652671416848,CENSUS_R,2
primary_gated_adapter,1861,27691062.214524657,2.4970493677183927,3.6215022792681286,0.016308611191168002,0.016308611191168002,3.88100875270086,3.8973173638920278,CENSUS_R,2
historical_xgboost,2915,48773694.938607365,4.497141462828198,5.492721177087491,3.781757732796926,3.781757732796926,3.686845144150684,7.46860287694761,CENSUS_R,3
global_trip_suppression_a1,2915,48773694.938607365,2.5672030160977437,3.6510442353618036,0.2846962081815025,0.2846962081815025,3.686845144150684,3.9715413523321863,CENSUS_R,3
global_trip_suppression_a1p25,2915,48773694.938607365,2.5028654787369247,3.7184137781965276,-0.5895691755695528,0.5895691755695528,3.686845144150684,3.0972759685811315,CENSUS_R,3
cohort_trip_suppression_a1,2915,48773694.938607365,2.6061673902235265,3.7177142109048065,0.3979143786026412,0.3979143786026412,3.686845144150684,4.084759522753326,CENSUS_R,3
primary_gated_adapter,2915,48773694.938607365,2.5360360966380484,3.6523628677592352,0.13669524497153665,0.13669524497153665,3.686845144150684,3.8235403891222206,CENSUS_R,3
historical_xgboost,1754,28614362.491326496,4.202172596734363,5.1856049476041886,3.461985590916318,3.461985590916318,4.0714368823674,7.533422473283719,CENSUS_R,4
global_trip_suppression_a1,1754,28614362.491326496,2.581480912319827,3.658673520088898,-0.0654267391485736,0.0654267391485736,4.0714368823674,4.006010143218827,CENSUS_R,4
global_trip_suppression_a1p25,1754,28614362.491326496,2.6079684152875044,3.8363578546428947,-0.9472798248687377,0.9472798248687377,4.0714368823674,3.124157057498662,CENSUS_R,4
cohort_trip_suppression_a1,1754,28614362.491326496,2.551402391746962,3.5394741891311843,0.21867423268209407,0.21867423268209407,4.0714368823674,4.290111115049494,CENSUS_R,4
primary_gated_adapter,1754,28614362.491326496,2.5175193438717924,3.609391770720888,-0.18182708283998328,0.18182708283998328,4.0714368823674,3.8896097995274164,CENSUS_R,4
historical_xgboost,2271,36408704.97134426,2.3459737156676757,2.677085422756555,1.9712489257273695,1.9712489257273695,1.7646800139423304,3.7359289396696993,HHSIZE,1
global_trip_suppression_a1,2271,36408704.97134426,1.395216280630126,1.8189755136644075,0.22195611026671383,0.22195611026671383,1.7646800139423304,1.986636124209044,HHSIZE,1
global_trip_suppression_a1p25,2271,36408704.97134426,1.3771946945682425,1.8257517232699665,-0.21536709480438615,0.21536709480438615,1.7646800139423304,1.549312919137944,HHSIZE,1
cohort_trip_suppression_a1,2271,36408704.97134426,1.368388106198946,1.8030871525252645,0.0037629510238772887,0.0037629510238772887,1.7646800139423304,1.7684429649662075,HHSIZE,1
primary_gated_adapter,2271,36408704.97134426,1.3516452866945134,1.7945092229481325,0.02475895969184513,0.02475895969184513,1.7646800139423304,1.7894389736341751,HHSIZE,1
historical_xgboost,3339,44750885.62745042,4.0668189444367595,4.571531132023727,3.427249614564765,3.427249614564765,3.507098587336825,6.9343482019015905,HHSIZE,2
global_trip_suppression_a1,3339,44750885.62745042,2.323702772382297,3.0299649633490557,0.18034484399476494,0.18034484399476494,3.507098587336825,3.6874434313315905,HHSIZE,2
global_trip_suppression_a1p25,3339,44750885.62745042,2.289731058891626,3.0972146414384563,-0.6313813484653186,0.6313813484653186,3.507098587336825,2.8757172388715064,HHSIZE,2
cohort_trip_suppression_a1,3339,44750885.62745042,2.36379849388891,3.037917333767929,0.37155036061224544,0.37155036061224544,3.507098587336825,3.8786489479490704,HHSIZE,2
primary_gated_adapter,3339,44750885.62745042,2.2983313942835335,3.021061118905013,0.08068894513463881,0.08068894513463881,3.507098587336825,3.5877875324714643,HHSIZE,2
historical_xgboost,967,19001129.40531972,5.071495992734984,5.759460549840801,4.128492533114292,4.128492533114292,4.724004375922511,8.852496909036802,HHSIZE,3
global_trip_suppression_a1,967,19001129.40531972,2.9626491420277516,4.020867444985953,-0.016556660121087263,0.016556660121087263,4.724004375922511,4.707447715801423,HHSIZE,3
global_trip_suppression_a1p25,967,19001129.40531972,2.938791414004285,4.175796438442326,-1.0528189627941684,1.0528189627941684,4.724004375922511,3.6711854131283412,HHSIZE,3
cohort_trip_suppression_a1,967,19001129.40531972,2.983541200076944,3.9974477260416617,0.36805540314140817,0.36805540314140817,4.724004375922511,5.092059779063919,HHSIZE,3
primary_gated_adapter,967,19001129.40531972,2.9035998999209025,4.002697123514047,-0.10790654786419708,0.10790654786419708,4.724004375922511,4.6160978280583125,HHSIZE,3
historical_xgboost,786,15515882.315177334,6.137309565327825,7.017456346673153,5.033193729651026,5.033193729651026,5.998833773862497,11.032027503513525,HHSIZE,4
global_trip_suppression_a1,786,15515882.315177334,3.6503392746802987,4.892627317077467,-0.13238805000496667,0.13238805000496667,5.998833773862497,5.866445723857532,HHSIZE,4
global_trip_suppression_a1p25,786,15515882.315177334,3.7013252087498425,5.138210351744362,-1.423783495473166,1.423783495473166,5.998833773862497,4.575050278389332,HHSIZE,4
cohort_trip_suppression_a1,786,15515882.315177334,3.6145130452384953,4.7696801020096125,0.3927391445430218,0.3927391445430218,5.998833773862497,6.391572918405519,HHSIZE,4
primary_gated_adapter,786,15515882.315177334,3.561921406879212,4.82849206716281,-0.2620502920896849,0.2620502920896849,5.998833773862497,5.736783481772814,HHSIZE,4
historical_xgboost,343,7521882.49142153,7.473354137571705,8.692325109504734,5.840083897323465,5.840083897323465,7.213571443738234,13.053655341061697,HHSIZE,5
global_trip_suppression_a1,343,7521882.49142153,4.808312569200521,6.338461748545015,-0.272094868951605,0.272094868951605,7.213571443738234,6.941476574786629,HHSIZE,5
global_trip_suppression_a1p25,343,7521882.49142153,4.734764203833489,6.614148955271274,-1.8001395534440434,1.8001395534440434,7.213571443738234,5.4134318902941905,HHSIZE,5
cohort_trip_suppression_a1,343,7521882.49142153,4.750535471952468,6.216401142357046,0.32269638399784634,0.32269638399784634,7.213571443738234,7.53626782773608,HHSIZE,5
primary_gated_adapter,343,7521882.49142153,4.70907790735122,6.28814287912884,-0.4083473728043479,0.4083473728043479,7.213571443738234,6.805224070933886,HHSIZE,5
historical_xgboost,123,2635515.1905298526,8.3778366433052,9.437028977622047,7.729757351573268,7.729757351573268,6.262590473280717,13.992347824853985,HHSIZE,6
global_trip_suppression_a1,123,2635515.1905298526,4.034890183623813,5.090160275138908,1.1780498999346962,1.1780498999346962,6.262590473280717,7.440640373215413,HHSIZE,6
global_trip_suppression_a1p25,123,2635515.1905298526,3.58363709976365,4.940552838185109,-0.45987698375845054,0.45987698375845054,6.262590473280717,5.802713489522267,HHSIZE,6
cohort_trip_suppression_a1,123,2635515.1905298526,4.458109095606371,5.566545921006872,1.4305309079897777,1.4305309079897777,6.262590473280717,7.693121381270496,HHSIZE,6
primary_gated_adapter,123,2635515.1905298526,3.976006409659672,5.18545492022794,0.795127998286135,0.795127998286135,6.262590473280717,7.057718471566853,HHSIZE,6
