method,seed,calibration_fraction,calibration_rows,test_rows,mae,rmse,bias,r2,weighted_mae,weighted_rmse,weighted_bias,weighted_r2,weighted_target_mean,weighted_prediction_mean,device
historical_xgboost,0,0.0,0,7893,4.004555516319705,4.932823037039285,3.1655956346484535,-0.449403068808502,4.337687319043563,5.316934312940995,3.605183709134669,-0.6367465180201153,3.831913682179956,7.437097391314626,cuda
historical_mean_trend_shift,0,0.0,0,7893,3.827840812323869,4.772133717292923,2.908867962469909,-0.3565109814290721,4.150449240826088,5.146318950759584,3.3484560369561245,-0.533388611135309,3.831913682179956,7.180369719136081,cuda
llm_recovery_pressure_a0p25,0,0.0,0,7893,3.5794842604147683,4.481157735301207,2.52230498502718,-0.19613050869581294,3.86171438154349,4.800696524598646,2.9240624128376203,-0.3343425701550826,3.831913682179956,6.7559760950175765,cuda
global_recovery_pressure_a0p25,0,0.0,0,7893,3.572729315972621,4.472231470490659,2.5162655166458756,-0.19136997837359737,3.859426558159534,4.794691055100345,2.9252639436826002,-0.33100624536133494,3.831913682179956,6.757177625862556,cuda
llm_confidence_pressure_a0p25,0,0.0,0,7893,3.714570449044328,4.622418853723106,2.733543131308981,-0.2727312188653148,4.014954498804659,4.964445954673559,3.1487602816981726,-0.4269225788454003,3.831913682179956,6.980673963878128,cuda
llm_trip_suppression_a0p25,0,0.0,0,7893,3.4879914778270877,4.391357225000235,2.3890281684201105,-0.14867095496189875,3.750320120530385,4.685755563226898,2.7757499582020486,-0.27121232458422306,3.831913682179956,6.607663640382004,cuda
global_trip_suppression_a0p25,0,0.0,0,7893,3.4593509500474195,4.355331744121112,2.334185595970747,-0.12990150372732812,3.7322361288943666,4.659531770554442,2.734606320500438,-0.2570234811224774,3.831913682179956,6.566520002680394,cuda
gated_trip_suppression_a0p25_d0p05,0,0.0,0,7893,3.4769846815252747,4.38009771807348,2.370277796970714,-0.14278808681578692,3.7386457529893997,4.673599315535689,2.757459056814125,-0.2646250723860484,3.831913682179956,6.589372738994081,cuda
gated_trip_suppression_a0p25_d0p1,0,0.0,0,7893,3.4655582694482563,4.3674230669796215,2.3499731572868443,-0.13618390377904466,3.726422988339385,4.659150253556038,2.7381268741085747,-0.2568176423320143,3.831913682179956,6.57004055628853,cuda
gated_trip_suppression_a0p25_d0p15,0,0.0,0,7893,3.4422554273784547,4.3400266821887135,2.3108862793147478,-0.1219742878522525,3.702632620405741,4.630809256501229,2.6981282798298167,-0.24157403398675759,3.831913682179956,6.530041962009772,cuda
llm_recovery_pressure_a0p5,0,0.0,0,7893,3.2063898230755847,4.107303725955195,1.8790143354059068,-0.004874310306487217,3.4325558624203403,4.358883873494813,2.242941116540571,-0.1000424224565779,3.831913682179956,6.074854798720528,cuda
global_recovery_pressure_a0p5,0,0.0,0,7893,3.1918310189009667,4.084982454704662,1.8669353986432977,0.006018053677092294,3.4255376861373064,4.340375350231115,2.245344178230532,-0.09072034134813989,3.831913682179956,6.077257860410488,cuda
llm_confidence_pressure_a0p5,0,0.0,0,7893,3.4455200468336438,4.344200156586953,2.301490627969509,-0.1241331604704563,3.7104824729265165,4.64229200771402,2.6923368542616752,-0.2477389873223237,3.831913682179956,6.524250536441632,cuda
llm_trip_suppression_a0p5,0,0.0,0,7893,3.0495619141129686,3.9584994703113883,1.612460702191767,0.06661828749478327,3.233540220715998,4.160851867104401,1.9463162072694271,-0.002359116845906062,3.831913682179956,5.778229889449383,cuda
global_trip_suppression_a0p5,0,0.0,0,7893,3.0074301011583597,3.908227397558296,1.5027755572930417,0.090175232546712,3.2093195011680176,4.123848343331366,1.8640289318662078,0.015390080433634212,3.831913682179956,5.695942614046164,cuda
gated_trip_suppression_a0p5_d0p05,0,0.0,0,7893,3.0322032762661637,3.942621410319053,1.5749599592929755,0.07409110282481057,3.2140592606789604,4.142445578237077,1.9097344044935805,0.006489505602456314,3.831913682179956,5.741648086673537,cuda
gated_trip_suppression_a0p5_d0p1,0,0.0,0,7893,3.0151591013650556,3.9256737031326274,1.5343506799252344,0.08203419674367685,3.1955544569301404,4.120627364074898,1.871070039082479,0.0169275616066924,3.831913682179956,5.702983721262434,cuda
gated_trip_suppression_a0p5_d0p15,0,0.0,0,7893,2.977498417019627,3.8849338108473854,1.4561769239810431,0.1009882805519643,3.156505241663344,4.07703882235081,1.7910728505249631,0.03761569963809308,3.831913682179956,5.622986532704918,cuda
llm_recovery_pressure_a0p75,0,0.0,0,7893,2.909162677181709,3.8340906171519014,1.2357236857846334,0.12436552635947529,3.0775625361823047,4.0161343344176395,1.5618198202435223,0.06615392507539908,3.831913682179956,5.393733502423478,cuda
global_recovery_pressure_a0p75,0,0.0,0,7893,2.878796492404112,3.7936031821395226,1.2176052806407207,0.14276102734356722,3.0558914345915853,3.9773330372541325,1.565424412778464,0.08411119401947009,3.831913682179956,5.39733809495842,cuda
llm_confidence_pressure_a0p75,0,0.0,0,7893,3.20359418376557,4.104716791503561,1.8694381246300364,-0.003608893623926024,3.4313773565687296,4.357206080983744,2.2359134268251792,-0.09919574345088522,3.831913682179956,6.067827109005135,cuda
llm_trip_suppression_a0p75,0,0.0,0,7893,2.7178203087079273,3.672852086788526,0.8358932359634238,0.19646465856154383,2.8250925011637977,3.7866792408589847,1.1168824563368065,0.16981310519483617,3.831913682179956,4.948796138516763,cuda
global_trip_suppression_a0p75,0,0.0,0,7893,2.6746444572974903,3.639879597428219,0.6713655186153354,0.2108271400136189,2.8052887125220876,3.762240954816856,0.9934515432319766,0.1804941666482196,3.831913682179956,4.825365225411933,cuda
gated_trip_suppression_a0p75_d0p05,0,0.0,0,7893,2.7005747952998473,3.661934708654231,0.7796421216152364,0.2012345001132908,2.8041549016768377,3.7711755339111512,1.0620097521730363,0.17659721594539923,3.831913682179956,4.893923434352992,cuda
gated_trip_suppression_a0p75_d0p1,0,0.0,0,7893,2.6856595279925197,3.6527157632629392,0.7187282025636252,0.20525123275966206,2.787154941764485,3.7530596655507567,1.004013204056384,0.18448909379600542,3.831913682179956,4.83592688623634,cuda
gated_trip_suppression_a0p75_d0p15,0,0.0,0,7893,2.6443447813793406,3.6198591757706704,0.6014675686473376,0.21948463640414895,2.745799674993658,3.715285191570622,0.8840174212201105,0.20082268285443672,3.831913682179956,4.715931103400067,cuda
llm_recovery_pressure_a1,0,0.0,0,7893,2.697012625939589,3.683978221774701,0.59243303616336,0.19158900130207435,2.810051722522859,3.7993533962660972,0.8806985239464731,0.164246472440848,3.831913682179956,4.712612206126429,cuda
global_recovery_pressure_a1,0,0.0,0,7893,2.642775587645102,3.621309800407805,0.5682751626381429,0.2188589426258275,2.764740718999714,3.7322944737623764,0.8855046473263953,0.19348836074149478,3.831913682179956,4.717418329506352,cuda
llm_confidence_pressure_a1,0,0.0,0,7893,2.9961786865561972,3.911090752352646,1.437385621290564,0.08884158167427558,3.1854195642549343,4.116896024762274,1.7794899993886821,0.018707152768915436,3.831913682179956,5.611403681568638,cuda
llm_trip_suppression_a1,0,0.0,0,7893,2.5228085069131994,3.5699287755465967,0.059325769735080434,0.24086815823838292,2.5614570285373293,3.6104098711656576,0.2874487054041855,0.2453043415380034,3.831913682179956,4.119362387584141,cuda
global_trip_suppression_a1,0,0.0,0,7893,2.493940275086195,3.590593388229278,-0.1600445200623705,0.2320542186733926,2.5530939118909326,3.6271520302738067,0.12287415459774567,0.23828877752127875,3.831913682179956,3.9547878367777023,cuda
gated_trip_suppression_a1_d0p05,0,0.0,0,7893,2.515048853091905,3.5751591147658806,-0.01567571606250267,0.23864210504965366,2.548171191635902,3.6094679911197587,0.21428509985249197,0.24569805864278027,3.831913682179956,4.046198782032447,cuda
gated_trip_suppression_a1_d0p1,0,0.0,0,7893,2.508796739909321,3.587288602434049,-0.09689427479798429,0.23346720426891132,2.537400977118662,3.609063870877688,0.13695636903028888,0.24586695423592486,3.831913682179956,3.9688700512102444,cuda
gated_trip_suppression_a1_d0p15,0,0.0,0,7893,2.4738369894694108,3.587177276821952,-0.2532417866863675,0.23351477970430135,2.5022798339489665,3.6038437615055248,-0.023038008084742226,0.24804691566227388,3.831913682179956,3.808875674095214,cuda
llm_recovery_pressure_a1p25,0,0.0,0,7893,2.5837385394417276,3.672094488324007,-0.050857613457913294,0.1967961145213104,2.648186070007601,3.730565953780295,0.19957722764942398,0.1942352196397693,3.831913682179956,4.0314909098293805,cuda
global_recovery_pressure_a1p25,0,0.0,0,7893,2.501536950626449,3.5853117516077226,-0.081054955364435,0.23431179952387315,2.567391313882335,3.6292409715842586,0.20558488187432655,0.23741115881793418,3.831913682179956,4.037498564054283,cuda
llm_confidence_pressure_a1p25,0,0.0,0,7893,2.827474564190664,3.77039358748545,1.005333117951092,0.15321826542414851,2.9781725502138903,3.929585121168718,1.3230665719521855,0.10596970133707762,3.831913682179956,5.154980254132141,cuda
llm_trip_suppression_a1p25,0,0.0,0,7893,2.4923767754315085,3.6648069200275946,-0.7164180069138582,0.19998099710759787,2.4819721675202353,3.6600974223092853,-0.5403961310609204,0.22438870225407292,3.831913682179956,3.2915175511190355,cuda
global_trip_suppression_a1p25,0,0.0,0,7893,2.5276070439309843,3.7689724831165963,-0.9914545587400757,0.15385646852603296,2.522331852502907,3.743187105215461,-0.7477032340364844,0.18877391305281188,3.831913682179956,3.0842104481434713,cuda
gated_trip_suppression_a1p25_d0p05,0,0.0,0,7893,2.504713053359169,3.695632410417389,-0.8101698641608364,0.18646612821619646,2.4899962230691237,3.684372914016009,-0.6318506380005368,0.2140661437650765,3.831913682179956,3.2000630441794193,cuda
gated_trip_suppression_a1p25_d0p1,0,0.0,0,7893,2.520855100926581,3.7399572062843554,-0.9116930625801883,0.16683432185372193,2.4970554623990795,3.714093560085644,-0.7285115515282903,0.20133525299692778,3.831913682179956,3.103402130651666,cuda
gated_trip_suppression_a1p25_d0p15,0,0.0,0,7893,2.526126304979672,3.7925633119244466,-1.1071274524406673,0.14323092103471868,2.500199665112892,3.7643789067660873,-0.9285045229220791,0.17956250813208152,3.831913682179956,2.903409159257877,cuda
random_recovery_pressure_a0p75,42,0.0,0,7893,2.892912673203929,3.8147406808026165,1.2414842131987416,0.13318154963934004,3.069228336953118,3.996894647850142,1.5908497411363203,0.07507985641963477,3.831913682179956,5.422763423316277,cuda
random_trip_suppression_a0p75,42,0.0,0,7893,2.7357815067927884,3.7208272055624585,0.7290513063733696,0.17533586146027114,2.8729619419122248,3.859810316626846,1.0573439458031546,0.13743712709772793,3.831913682179956,4.889257627983111,cuda
random_recovery_pressure_a0p75,43,0.0,0,7893,2.9076526692058144,3.838111551901694,1.2426416683543828,0.12252795095527347,3.0939053428166954,4.029462937320939,1.5967768286449617,0.05994520964413852,3.831913682179956,5.428690510824918,cuda
random_trip_suppression_a0p75,43,0.0,0,7893,2.7195644592074375,3.694784573494041,0.7302472291117489,0.18683936064797946,2.852253681082081,3.8191801456577252,1.04915538217556,0.15550103098339918,3.831913682179956,4.881069064355516,cuda
random_recovery_pressure_a0p75,44,0.0,0,7893,2.9035101536599073,3.8281985019904257,1.245530159538919,0.12705475586091286,3.0861850822819608,4.0217451153217185,1.5990334958331218,0.06354282429544456,3.831913682179956,5.430947178013079,cuda
random_trip_suppression_a0p75,44,0.0,0,7893,2.7308253741138984,3.7068447462795775,0.7277242478189491,0.18152220998059865,2.8702371229200967,3.844423868788731,1.0575572760166316,0.14430032749932453,3.831913682179956,4.889470958196588,cuda
random_recovery_pressure_a0p75,45,0.0,0,7893,2.911632358921245,3.833031070109256,1.2438448027504652,0.12484942088083528,3.098178278659544,4.03109980169326,1.6009565583421246,0.0591813089679073,3.831913682179956,5.432870240522081,cuda
random_trip_suppression_a0p75,45,0.0,0,7893,2.7390695742054705,3.7191382625500204,0.7298946771506316,0.17608434804560502,2.8761239379150996,3.8493514701072122,1.0554491689103116,0.14210533066029718,3.831913682179956,4.887362851090268,cuda
random_recovery_pressure_a0p75,46,0.0,0,7893,2.8966482773485795,3.8207457145782557,1.2451137986688718,0.13045036999201975,3.0758207472603774,4.009141845215664,1.5892457536130373,0.06940293192720581,3.831913682179956,5.421159435792993,cuda
random_trip_suppression_a0p75,46,0.0,0,7893,2.728603425612396,3.705853190362305,0.7382567565363805,0.18196002597080874,2.878190184400675,3.8517191006339617,1.0756938136085261,0.14104967113714617,3.831913682179956,4.907607495788482,cuda
random_recovery_pressure_a1,42,0.0,0,7893,2.670990471144316,3.654631576020369,0.6001137393821709,0.2044173386285667,2.792124167978085,3.764629413260571,0.9194050851368708,0.1794533099011858,3.831913682179956,4.751318767316827,cuda
random_trip_suppression_a1,42,0.0,0,7893,2.5974664307450155,3.703340297096767,-0.08313013638499173,0.1830690554340143,2.6690353994487634,3.7659836650265954,0.20806402469264973,0.178862852486543,3.831913682179956,4.039977706872606,cuda
random_recovery_pressure_a1,43,0.0,0,7893,2.6911631613747224,3.6863232829386345,0.6016570129230262,0.1905594747918744,2.8216996850271916,3.808796552897943,0.9273078684817259,0.16008683869692542,3.831913682179956,4.759221550661682,cuda
random_trip_suppression_a1,43,0.0,0,7893,2.577716454398144,3.6682733709145934,-0.0815355727338192,0.19846684468090503,2.6446593356016037,3.712373668778545,0.19714593985585688,0.2020747596851794,3.831913682179956,4.029059622035813,cuda
random_recovery_pressure_a1,44,0.0,0,7893,2.681668813000635,3.6703267878723356,0.6055083345024077,0.19756923304149776,2.8098594766616154,3.7946984278867446,0.9303167580659394,0.16629314858546274,3.831913682179956,4.7622304402458955,cuda
random_trip_suppression_a1,44,0.0,0,7893,2.588299801101042,3.6849709318697235,-0.08489954779088588,0.19115326263208632,2.661991317693366,3.7409006734755192,0.2083484649772857,0.18976464450084085,3.831913682179956,4.040262147157242,cuda
random_recovery_pressure_a1,45,0.0,0,7893,2.691507398289562,3.6784712433756495,0.6032611921178023,0.19400409400172436,2.8240509857366534,3.808318083505191,0.9328808414112766,0.16029784891634968,3.831913682179956,4.764794523591233,cuda
random_trip_suppression_a1,45,0.0,0,7893,2.597129108642091,3.7000791085284552,-0.08200564201530895,0.18450721266608427,2.6656310136762653,3.749833904002807,0.2055376555021923,0.18589035753065453,3.831913682179956,4.037451337682148,cuda
random_recovery_pressure_a1,46,0.0,0,7893,2.6773749453882023,3.6602375299575063,0.6049531866756777,0.20197472829879537,2.8013617618649955,3.780704536917016,0.9172664351058268,0.1724308119003637,3.831913682179956,4.749180117285783,cuda
random_trip_suppression_a1,46,0.0,0,7893,2.5838835071094675,3.6744113413973034,-0.07085620283431061,0.19578225583565856,2.6659763967486345,3.7394349299777154,0.23253051509981168,0.19039944592865554,3.831913682179956,4.064444197279768,cuda
random_recovery_pressure_a1p25,42,0.0,0,7893,2.55561517772605,3.632154040504483,-0.04125673443439969,0.21417358570443312,2.627138197221863,3.676607165938856,0.24796042913742122,0.21737576105022072,3.831913682179956,4.079874111317378,cuda
random_trip_suppression_a1p25,42,0.0,0,7893,2.646714182643402,3.9055604178902597,-0.8936984948055927,0.09141654017366951,2.662678536676841,3.9146845946526274,-0.6398002620226465,0.11273696298712355,3.831913682179956,3.19211342015731,cuda
random_recovery_pressure_a1p25,43,0.0,0,7893,2.5786863110951885,3.670976946748763,-0.03932764250833055,0.19728492391948016,2.6570117021319124,3.730684534510329,0.25783890831849,0.19418399433206335,3.831913682179956,4.0897525904984455,cuda
random_trip_suppression_a1p25,43,0.0,0,7893,2.6198255733174696,3.863773964267106,-0.8916307679158147,0.11075480187487785,2.625859468748945,3.851622577840753,-0.6526330010486916,0.14109272061400402,3.831913682179956,3.1792806811312646,cuda
random_recovery_pressure_a1p25,44,0.0,0,7893,2.566525203104212,3.648085944595397,-0.0345134905341036,0.20726464470080574,2.6422596295219134,3.7085822794584677,0.26160002029875695,0.20370374463456364,3.831913682179956,4.093513702478713,cuda
random_trip_suppression_a1p25,44,0.0,0,7893,2.6360417598065324,3.884799870069561,-0.8960308948646674,0.10105026989802679,2.651116144891887,3.8801423484429423,-0.6392687776073306,0.1283258779811206,3.831913682179956,3.1926449045726253,cuda
random_recovery_pressure_a1p25,45,0.0,0,7893,2.5750568159340066,3.6601168377443996,-0.037322418514860595,0.20202735540150185,2.6531175946804,3.7265138703016767,0.26480512448042837,0.19598468767434285,3.831913682179956,4.096718806660384,cuda
random_trip_suppression_a1p25,45,0.0,0,7893,2.642490759391862,3.9006797046355834,-0.8923346186581332,0.09368600420904405,2.6530227081740283,3.893326442730933,-0.6429847679343982,0.12239219970209148,3.831913682179956,3.188928914245558,cuda
random_recovery_pressure_a1p25,46,0.0,0,7893,2.5625895352294252,3.6357449166964813,-0.03520742531751626,0.2126190259588715,2.636180716416676,3.6955718788281002,0.24528711659861627,0.20928105686888054,3.831913682179956,4.0772007987785726,cuda
random_trip_suppression_a1p25,46,0.0,0,7893,2.6215064282828404,3.8610241812605235,-0.878402986697004,0.11202007320910645,2.640209268116592,3.8638250286280584,-0.6091147354121865,0.13564183552044018,3.831913682179956,3.2227989467677696,cuda
