subgroup_column,subgroup_value,method,rows,weight_sum,weighted_mae,weighted_rmse,weighted_bias,weighted_target_mean,weighted_prediction_mean
WRKCOUNT,0,historical_xgboost,2758,43369247.00021003,3.7958641290321573,4.657050870858809,3.3127892746294365,2.2875122074459955,5.600301482075433
WRKCOUNT,0,llm_trip_suppression_a1p25,2758,43369247.00021003,1.950898934827701,2.7144893854288483,-0.2748778377686166,2.2875122074459955,2.012634369677379
WRKCOUNT,0,global_trip_suppression_a1p25,2758,43369247.00021003,2.0426443775727443,2.7142427448244066,0.03496757666198515,2.2875122074459955,2.3224797841079803
WRKCOUNT,0,random_trip_suppression_a1p25,2758,43369247.00021003,2.128215575829871,2.8620432714078587,0.12537476130431383,2.2875122074459955,2.412886968750309
WRKCOUNT,1,historical_xgboost,2790,45309376.45428127,4.081653120260532,5.01290066007254,3.417228240043653,3.5162877007562527,6.933515940799906
WRKCOUNT,1,llm_trip_suppression_a1p25,2790,45309376.45428127,2.2986014257042346,3.4299263629950576,-0.45766349226126046,3.5162877007562527,3.058624208494992
WRKCOUNT,1,global_trip_suppression_a1p25,2790,45309376.45428127,2.2479449691048607,3.4369758919860938,-0.6409156057292238,3.5162877007562527,2.8753720950270285
WRKCOUNT,1,random_trip_suppression_a1p25,2790,45309376.45428127,2.40094972786032,3.5849212418562577,-0.5123916821905597,3.5162877007562527,3.003896018565693
WRKCOUNT,2,historical_xgboost,2026,32224592.582005654,5.029577024538831,6.007224972846342,3.9853627699294862,5.599938828720369,9.585301598649856
WRKCOUNT,2,llm_trip_suppression_a1p25,2026,32224592.582005654,3.148380884732619,4.510953171752493,-0.9142043914927368,5.599938828720369,4.685734437227634
WRKCOUNT,2,global_trip_suppression_a1p25,2026,32224592.582005654,3.218428775538756,4.6943215429874225,-1.6248547624975307,5.599938828720369,3.975084066222839
WRKCOUNT,2,random_trip_suppression_a1p25,2026,32224592.582005654,3.3816562081677155,4.887904615923133,-1.5161688721981557,5.599938828720369,4.083769956522214
WRKCOUNT,3,historical_xgboost,266,5430724.960110581,6.094685476766037,7.119696420827268,4.698129954651637,7.415066036008874,12.113195990660511
WRKCOUNT,3,llm_trip_suppression_a1p25,266,5430724.960110581,3.7774315323257017,5.396405539043851,-1.1004198915345809,7.415066036008874,6.314646144474292
WRKCOUNT,3,global_trip_suppression_a1p25,266,5430724.960110581,3.9887186317588643,5.7254432916931135,-2.391648475491914,7.415066036008874,5.023417560516959
WRKCOUNT,3,random_trip_suppression_a1p25,266,5430724.960110581,4.232982774239781,5.997724674989334,-2.277671494786676,7.415066036008874,5.137394541222197
WRKCOUNT,4,historical_xgboost,42,955350.6070260877,6.776225135172089,7.932950679596147,5.695824388963021,7.760536165363651,13.456360554326672
WRKCOUNT,4,llm_trip_suppression_a1p25,42,955350.6070260877,4.469853675240225,5.71419365730716,-0.8826699560166729,7.760536165363651,6.877866209346978
WRKCOUNT,4,global_trip_suppression_a1p25,42,955350.6070260877,4.399154149368535,5.750992628502095,-2.1800999236508325,7.760536165363651,5.5804362417128175
WRKCOUNT,4,random_trip_suppression_a1p25,42,955350.6070260877,4.986557271046967,6.080292197741162,-2.2109023874502083,7.760536165363651,5.549633777913444
WRKCOUNT,5,historical_xgboost,8,202620.49981938396,7.119451327076054,9.718393609690398,6.597099270452786,9.002734000759185,15.599833271211972
WRKCOUNT,5,llm_trip_suppression_a1p25,8,202620.49981938396,6.001068160773963,6.372087163446537,-0.9041745870968836,9.002734000759185,8.0985594136623
WRKCOUNT,5,global_trip_suppression_a1p25,8,202620.49981938396,6.731268956153845,7.185904175845095,-2.5333863194236117,9.002734000759185,6.469347681335574
WRKCOUNT,5,random_trip_suppression_a1p25,8,202620.49981938396,7.246037042255376,8.266363280110673,-3.4382620978792735,9.002734000759185,5.564471902879912
WRKCOUNT,6,historical_xgboost,3,52794.896546992175,11.313267575877404,13.095498940740667,11.313267575877404,4.711059622489676,16.02432719836708
WRKCOUNT,6,llm_trip_suppression_a1p25,3,52794.896546992175,6.619918883719067,7.188659344791481,3.7017121566530418,4.711059622489676,8.412771779142718
WRKCOUNT,6,global_trip_suppression_a1p25,3,52794.896546992175,6.218899209885335,6.372874193203428,1.9343283251511658,4.711059622489676,6.645387947640842
WRKCOUNT,6,random_trip_suppression_a1p25,3,52794.896546992175,6.310208763818433,7.045109851449775,4.011422276553676,4.711059622489676,8.722481899043352
HHVEHCNT,0,historical_xgboost,476,10712489.268148404,3.2940542252334657,4.085218061263742,3.0205104308090203,1.560030731758171,4.580541162567191
HHVEHCNT,0,llm_trip_suppression_a1p25,476,10712489.268148404,1.4569235579206419,2.2738784272292345,-1.0408674879663082,1.560030731758171,0.5191632437918627
HHVEHCNT,0,global_trip_suppression_a1p25,476,10712489.268148404,1.544881244908364,2.0239733767520645,0.33954811848514144,1.560030731758171,1.8995788502433122
HHVEHCNT,0,random_trip_suppression_a1p25,476,10712489.268148404,1.6539905969975948,2.2470846474066946,0.40304963809261196,1.560030731758171,1.963080369850783
HHVEHCNT,1,historical_xgboost,2623,42271037.00351419,3.54487623384552,4.394623968129482,3.0797869843668444,2.6055923699611636,5.685379354328008
HHVEHCNT,1,llm_trip_suppression_a1p25,2623,42271037.00351419,1.9572410096690873,2.860064049438402,-0.6619199208312553,2.6055923699611636,1.9436724491299087
HHVEHCNT,1,global_trip_suppression_a1p25,2623,42271037.00351419,1.9808676183764664,2.7614992700630077,-0.2478302641756897,2.6055923699611636,2.357762105785474
HHVEHCNT,1,random_trip_suppression_a1p25,2623,42271037.00351419,2.0821675794141696,2.891906557686394,-0.15788301346446731,2.6055923699611636,2.4477093564966963
HHVEHCNT,2,historical_xgboost,3199,48347256.666449025,4.724655462296371,5.646324851127876,3.8222492675269266,4.518391692331188,8.340640959858113
HHVEHCNT,2,llm_trip_suppression_a1p25,3199,48347256.666449025,2.7683604764323992,4.022371497030043,-0.5228031243551454,4.518391692331188,3.9955885679760423
HHVEHCNT,2,global_trip_suppression_a1p25,3199,48347256.666449025,2.821749565990614,4.155989030309248,-1.0594761182727161,4.518391692331188,3.458915574058472
HHVEHCNT,2,random_trip_suppression_a1p25,3199,48347256.666449025,2.950068988829341,4.277691510678113,-0.9341855762054136,4.518391692331188,3.5842061161257748
HHVEHCNT,3,historical_xgboost,1043,16859279.62179253,5.297369793868905,6.302912515779149,4.210391336547058,5.285618726248936,9.496010062795994
HHVEHCNT,3,llm_trip_suppression_a1p25,1043,16859279.62179253,3.2148005172931526,4.474575218781411,-0.12623301928447453,5.285618726248936,5.159385706964461
HHVEHCNT,3,global_trip_suppression_a1p25,1043,16859279.62179253,3.22162993168497,4.749627758988551,-1.3475644141520648,5.285618726248936,3.9380543120968707
HHVEHCNT,3,random_trip_suppression_a1p25,1043,16859279.62179253,3.4215629759946746,4.95157883810656,-1.1873495906273295,5.285618726248936,4.0982691356216066
HHVEHCNT,4,historical_xgboost,360,6251993.794303581,5.217972223759558,6.292994877875832,4.208200087268573,6.152551673807586,10.360751761076159
HHVEHCNT,4,llm_trip_suppression_a1p25,360,6251993.794303581,3.166055691378093,4.527428864694938,-0.5886910598450023,6.152551673807586,5.563860613962583
HHVEHCNT,4,global_trip_suppression_a1p25,360,6251993.794303581,3.3237067251401955,4.8192829036317875,-1.8558836122261773,6.152551673807586,4.29666806158141
HHVEHCNT,4,random_trip_suppression_a1p25,360,6251993.794303581,3.629111836472977,5.380489141599408,-1.8654641371060834,6.152551673807586,4.2870875367015016
HHVEHCNT,5,historical_xgboost,122,1810760.2076290352,5.3879673557152445,6.841340435199427,4.123395240142872,5.991506225614174,10.114901465757047
HHVEHCNT,5,llm_trip_suppression_a1p25,122,1810760.2076290352,3.65931067838809,4.902550985061968,-0.40962122944139523,5.991506225614174,5.5818849961727794
HHVEHCNT,5,global_trip_suppression_a1p25,122,1810760.2076290352,3.7593050044146086,5.132810263144994,-1.7967938074250234,5.991506225614174,4.194712418189151
HHVEHCNT,5,random_trip_suppression_a1p25,122,1810760.2076290352,4.011615152588653,5.368870529195929,-1.6283222377772195,5.991506225614174,4.363183987836955
HHVEHCNT,6,historical_xgboost,44,781712.3564872922,6.190891468691924,7.052640569018159,5.941941282802589,3.9052020871669013,9.84714336996949
HHVEHCNT,6,llm_trip_suppression_a1p25,44,781712.3564872922,2.882250912115971,3.451301029384716,1.5954393612618967,3.9052020871669013,5.500641448428799
HHVEHCNT,6,global_trip_suppression_a1p25,44,781712.3564872922,2.2863089701044306,2.957945321968429,0.17846938680019153,3.9052020871669013,4.083671473967094
HHVEHCNT,6,random_trip_suppression_a1p25,44,781712.3564872922,2.8157552065812386,3.4401254907441037,0.7057204609838796,3.9052020871669013,4.610922548150781
HHVEHCNT,7,historical_xgboost,13,230253.06764820736,6.282300124017392,7.520717687962623,6.1157827299480925,4.301443804534238,10.417226534482333
HHVEHCNT,7,llm_trip_suppression_a1p25,13,230253.06764820736,2.9780775915528954,3.5707514145245494,1.456381150686004,4.301443804534238,5.757824955220244
HHVEHCNT,7,global_trip_suppression_a1p25,13,230253.06764820736,2.9734074854843815,3.378869549249783,0.018644696101695595,4.301443804534238,4.320088500635935
HHVEHCNT,7,random_trip_suppression_a1p25,13,230253.06764820736,3.4107222729594984,4.261382160323366,-0.5676859191358755,4.301443804534238,3.7337578853983633
HHVEHCNT,8,historical_xgboost,7,101909.20710630364,6.708089524467294,9.167265801506588,6.252721248966921,5.357525596174063,11.610246845140983
HHVEHCNT,8,llm_trip_suppression_a1p25,7,101909.20710630364,4.361473707243301,5.239734472333072,0.7316190576284884,5.357525596174063,6.089144653802552
HHVEHCNT,8,global_trip_suppression_a1p25,7,101909.20710630364,4.38956850520279,5.1904792635880925,-0.5426841679675017,5.357525596174063,4.81484142820656
HHVEHCNT,8,random_trip_suppression_a1p25,7,101909.20710630364,3.225008368562836,3.9453768524883333,-1.6580589192900126,5.357525596174063,3.6994666768840507
HHVEHCNT,9,historical_xgboost,1,12447.2301040471,4.38224983215332,4.38224983215332,4.38224983215332,3.0,7.38224983215332
HHVEHCNT,9,llm_trip_suppression_a1p25,1,12447.2301040471,1.5216280221939087,1.5216280221939087,1.5216280221939087,3.0,4.521628022193909
HHVEHCNT,9,global_trip_suppression_a1p25,1,12447.2301040471,0.061464824935952844,0.061464824935952844,0.061464824935952844,3.0,3.061464824935953
HHVEHCNT,9,random_trip_suppression_a1p25,1,12447.2301040471,1.4293498992919922,1.4293498992919922,1.4293498992919922,3.0,4.429349899291992
HHVEHCNT,11,historical_xgboost,3,130732.34669552345,6.156874195041305,6.22008293990831,6.156874195041305,2.9254639045107442,9.082338099552048
HHVEHCNT,11,llm_trip_suppression_a1p25,3,130732.34669552345,2.169085596970562,2.1792422523371893,2.169085596970562,2.9254639045107442,5.094549501481306
HHVEHCNT,11,global_trip_suppression_a1p25,3,130732.34669552345,0.8410380768836947,0.9155178401485142,0.8410380768836947,2.9254639045107442,3.7665019813944394
HHVEHCNT,11,random_trip_suppression_a1p25,3,130732.34669552345,1.3463242357659573,1.4424817007896502,1.3463242357659573,2.9254639045107442,4.271788140276702
HHVEHCNT,14,historical_xgboost,1,9225.77881469857,10.74520206451416,10.74520206451416,10.74520206451416,0.0,10.74520206451416
HHVEHCNT,14,llm_trip_suppression_a1p25,1,9225.77881469857,5.641231083869934,5.641231083869934,5.641231083869934,0.0,5.641231083869934
HHVEHCNT,14,global_trip_suppression_a1p25,1,9225.77881469857,4.456101988591717,4.456101988591717,4.456101988591717,0.0,4.456101988591717
HHVEHCNT,14,random_trip_suppression_a1p25,1,9225.77881469857,6.178491187095641,6.178491187095641,6.178491187095641,0.0,6.178491187095641
HHVEHCNT,17,historical_xgboost,1,25610.4513071656,2.9173150062561035,2.9173150062561035,2.9173150062561035,0.0,2.9173150062561035
HHVEHCNT,17,llm_trip_suppression_a1p25,1,25610.4513071656,0.8022616267204286,0.8022616267204286,0.8022616267204286,0.0,0.8022616267204286
HHVEHCNT,17,global_trip_suppression_a1p25,1,25610.4513071656,1.2098286400455944,1.2098286400455944,1.2098286400455944,0.0,1.2098286400455944
HHVEHCNT,17,random_trip_suppression_a1p25,1,25610.4513071656,1.750389003753662,1.750389003753662,1.750389003753662,0.0,1.750389003753662
URBRUR,1,historical_xgboost,6306,102919309.81442939,4.275256843505037,5.269357346957938,3.5205641976557445,3.870904830814246,7.391469028469989
URBRUR,1,llm_trip_suppression_a1p25,6306,102919309.81442939,2.505344814170933,3.666854075216542,-0.6362877510884661,3.870904830814246,3.2346170797257794
URBRUR,1,global_trip_suppression_a1p25,6306,102919309.81442939,2.54344169975218,3.7500612256307377,-0.8056167479448197,3.870904830814246,3.0652880828694262
URBRUR,1,random_trip_suppression_a1p25,6306,102919309.81442939,2.6733069051690523,3.9068893558234126,-0.6851815375195127,3.870904830814246,3.1857232932947332
URBRUR,2,historical_xgboost,1587,24625397.18557062,4.598609057904964,5.511333845800079,3.9588422370607987,3.668954194620326,7.627796431681124
URBRUR,2,llm_trip_suppression_a1p25,1587,24625397.18557062,2.3842885994665233,3.6317226356822667,-0.1396269870811688,3.668954194620326,3.529327207539157
URBRUR,2,global_trip_suppression_a1p25,1587,24625397.18557062,2.434105421359032,3.7143197350063573,-0.5056596708217245,3.668954194620326,3.163294523798601
URBRUR,2,random_trip_suppression_a1p25,1587,24625397.18557062,2.6182583658495955,3.9470973691246516,-0.4501338977630385,3.668954194620326,3.2188202968572868
RAIL,1,historical_xgboost,1808,30282605.18058914,4.018732497230875,4.872058947075485,3.3622139668894455,3.854564599231355,7.216778566120801
RAIL,1,llm_trip_suppression_a1p25,1808,30282605.18058914,2.402567472329266,3.4107079423000055,-0.5994593123727358,3.854564599231355,3.2551052868586194
RAIL,1,global_trip_suppression_a1p25,1808,30282605.18058914,2.4468973452279696,3.4871238175147523,-0.8617217353525526,3.854564599231355,2.9928428638788027
RAIL,1,random_trip_suppression_a1p25,1808,30282605.18058914,2.5601147353598503,3.6281735485467426,-0.7295949190841058,3.854564599231355,3.1249696801472493
RAIL,2,historical_xgboost,6085,97262101.81941086,4.436994066057241,5.448035433414491,3.680832462735563,3.8248613075631774,7.50569377029874
RAIL,2,llm_trip_suppression_a1p25,6085,97262101.81941086,2.5066948600075696,3.7343465022691715,-0.5220067793307247,3.8248613075631774,3.302854528232452
RAIL,2,global_trip_suppression_a1p25,6085,97262101.81941086,2.545818424950627,3.8194095607916,-0.7122035152966217,3.8248613075631774,3.1126577922665555
RAIL,2,random_trip_suppression_a1p25,6085,97262101.81941086,2.694611828709432,3.9997023461826027,-0.6118426495893123,3.8248613075631774,3.2130186579738647
HHFAMINC,-7,historical_xgboost,93,1600742.7281241086,4.190036292808106,4.916311054046992,3.9077316018867134,2.9318335750363653,6.839565176923079
HHFAMINC,-7,llm_trip_suppression_a1p25,93,1600742.7281241086,2.0790130075792965,2.6953458229048897,0.43292987462807087,2.9318335750363653,3.3647634496644363
HHFAMINC,-7,global_trip_suppression_a1p25,93,1600742.7281241086,2.00724082567429,2.6268789985252186,-0.09542344491494223,2.9318335750363653,2.836410130121423
HHFAMINC,-7,random_trip_suppression_a1p25,93,1600742.7281241086,2.2542698160994945,2.788691236801656,0.1314979119676867,2.9318335750363653,3.0633314870040516
HHFAMINC,-8,historical_xgboost,3,41548.81223421412,3.466292799610972,3.5616654100549225,3.466292799610972,3.749776133060673,7.216068932671645
HHFAMINC,-8,llm_trip_suppression_a1p25,3,41548.81223421412,0.21030615708260073,0.2217207377498213,-0.16668485367332952,3.749776133060673,3.5830912793873435
HHFAMINC,-8,global_trip_suppression_a1p25,3,41548.81223421412,0.7572275585777295,0.7736007096075148,-0.7572275585777295,3.749776133060673,2.992548574482943
HHFAMINC,-8,random_trip_suppression_a1p25,3,41548.81223421412,0.39987265822579754,0.5019121507209332,-0.39987265822579754,3.749776133060673,3.3499034748348753
HHFAMINC,1,historical_xgboost,300,7385631.213695964,4.53848906912435,5.613449083402732,4.411046527376085,1.2884819151747369,5.699528442550823
HHFAMINC,1,llm_trip_suppression_a1p25,300,7385631.213695964,1.3853590538261717,2.0359351232278775,-0.2035082525608606,1.2884819151747369,1.084973662613876
HHFAMINC,1,global_trip_suppression_a1p25,300,7385631.213695964,1.7971404735049565,2.3213607712214284,1.0751479053161372,1.2884819151747369,2.3636298204908734
HHFAMINC,1,random_trip_suppression_a1p25,300,7385631.213695964,1.9185100482125013,2.6053655491353918,1.1428652255870284,1.2884819151747369,2.4313471407617646
HHFAMINC,10,historical_xgboost,593,9895359.59758039,4.675380274305841,5.743009513606296,3.532049748150149,5.355852796450498,8.887902544600646
HHFAMINC,10,llm_trip_suppression_a1p25,593,9895359.59758039,3.043412160222551,4.370631800095265,-0.8185070353362504,5.355852796450498,4.537345761114247
HHFAMINC,10,global_trip_suppression_a1p25,593,9895359.59758039,3.1047413020834793,4.542783136075702,-1.669984446501039,5.355852796450498,3.6858683499494584
HHFAMINC,10,random_trip_suppression_a1p25,593,9895359.59758039,3.1480227240954166,4.574155578442057,-1.4286443571583185,5.355852796450498,3.9272084392921793
HHFAMINC,11,historical_xgboost,806,12741223.017888635,4.6388747368674474,5.623895902347544,3.516130758751933,5.456635812435828,8.97276657118776
HHFAMINC,11,llm_trip_suppression_a1p25,806,12741223.017888635,3.131846176918533,4.384370470830712,-0.7009387955721785,5.456635812435828,4.75569701686365
HHFAMINC,11,global_trip_suppression_a1p25,806,12741223.017888635,3.18584619904094,4.653850761294577,-1.7355738239336225,5.456635812435828,3.721061988502206
HHFAMINC,11,random_trip_suppression_a1p25,806,12741223.017888635,3.401768103697658,4.8800992798636065,-1.65395474000311,5.456635812435828,3.8026810724327187
HHFAMINC,2,historical_xgboost,242,5158270.638978538,3.6735767909235877,4.568325586202922,3.318124218282908,1.8893913800092257,5.207515598292135
HHFAMINC,2,llm_trip_suppression_a1p25,242,5158270.638978538,1.7817812718113415,3.129988203874193,-0.8074733494273587,1.8893913800092257,1.0819180305818668
HHFAMINC,2,global_trip_suppression_a1p25,242,5158270.638978538,1.9283719291090993,2.818587460702758,0.27019766018265634,1.8893913800092257,2.1595890401918827
HHFAMINC,2,random_trip_suppression_a1p25,242,5158270.638978538,2.1268034837682723,3.1459350616564206,0.3283243470245686,1.8893913800092257,2.217715727033794
HHFAMINC,3,historical_xgboost,467,8616666.685066657,3.9098364643281056,4.822928774670808,3.4289787103464526,2.497776823413806,5.926755533760258
HHFAMINC,3,llm_trip_suppression_a1p25,467,8616666.685066657,2.1559343757863885,3.429323308561547,-0.6682727323360033,2.497776823413806,1.8295040910778033
HHFAMINC,3,global_trip_suppression_a1p25,467,8616666.685066657,2.0048142477492377,3.0743098315396837,-0.03991451786393108,2.497776823413806,2.457862305549875
HHFAMINC,3,random_trip_suppression_a1p25,467,8616666.685066657,2.105780605136961,3.151137308418069,0.02341744541154096,2.497776823413806,2.5211942688253473
HHFAMINC,4,historical_xgboost,552,9884379.583201796,4.468468762073294,5.495768928180631,4.019793249970088,2.8937221775899062,6.913515427559993
HHFAMINC,4,llm_trip_suppression_a1p25,552,9884379.583201796,2.277568904178625,3.285926103682309,-0.3739592831432244,2.8937221775899062,2.5197628944466817
HHFAMINC,4,global_trip_suppression_a1p25,552,9884379.583201796,2.209346415528078,3.0938788892806097,-0.026644419541012265,2.8937221775899062,2.867077758048894
HHFAMINC,4,random_trip_suppression_a1p25,552,9884379.583201796,2.414729721212016,3.3179952745128896,0.18923032264800824,2.8937221775899062,3.0829525002379143
HHFAMINC,5,historical_xgboost,824,13569737.559333522,4.278131228056276,5.219018451984188,3.7585807862829785,3.0093487962796686,6.7679295825626475
HHFAMINC,5,llm_trip_suppression_a1p25,824,13569737.559333522,2.206401644471186,3.166696342889433,-0.2519638514550735,3.0093487962796686,2.7573849448245946
HHFAMINC,5,global_trip_suppression_a1p25,824,13569737.559333522,2.2242031470253876,3.1689622564019726,-0.2026463917614401,3.0093487962796686,2.8067024045182283
HHFAMINC,5,random_trip_suppression_a1p25,824,13569737.559333522,2.3803134306977958,3.374651763138392,-0.19577741998381068,3.0093487962796686,2.8135713762958576
HHFAMINC,6,historical_xgboost,1392,21252307.49957845,4.425200856126517,5.376501250435739,3.9540463640721475,3.3191311794933216,7.273177543565469
HHFAMINC,6,llm_trip_suppression_a1p25,1392,21252307.49957845,2.347749171989409,3.2285104067005017,-0.09703998327280278,3.3191311794933216,3.2220911962205183
HHFAMINC,6,global_trip_suppression_a1p25,1392,21252307.49957845,2.271523795253691,3.158281832609384,-0.3028993096156732,3.3191311794933216,3.016231869877648
HHFAMINC,6,random_trip_suppression_a1p25,1392,21252307.49957845,2.4066567797544463,3.3546165029592343,-0.21271640256279015,3.3191311794933216,3.106414776930531
HHFAMINC,7,historical_xgboost,1120,16651924.971661704,3.9373581843590255,4.914411696913703,2.9304010429260794,4.664876736389439,7.595277779315518
HHFAMINC,7,llm_trip_suppression_a1p25,1120,16651924.971661704,2.6544243226151916,3.9257267166742844,-0.9680051451373604,4.664876736389439,3.696871591252078
HHFAMINC,7,global_trip_suppression_a1p25,1120,16651924.971661704,2.7477515493915887,4.129138029334119,-1.5150678995609557,4.664876736389439,3.149808836828483
HHFAMINC,7,random_trip_suppression_a1p25,1120,16651924.971661704,2.8699408574722076,4.222202569323013,-1.3506969466071133,4.664876736389439,3.314179789782326
HHFAMINC,8,historical_xgboost,890,12256706.34625848,4.555602196706703,5.515788232442065,3.454849094052442,4.668528737541171,8.123377831593613
HHFAMINC,8,llm_trip_suppression_a1p25,890,12256706.34625848,2.7781529206661837,4.2158959785414725,-0.6810153532205433,4.668528737541171,3.987513384320628
HHFAMINC,8,global_trip_suppression_a1p25,890,12256706.34625848,2.83537746479418,4.430779021602819,-1.2997135312649286,4.668528737541171,3.368815206276242
HHFAMINC,8,random_trip_suppression_a1p25,890,12256706.34625848,2.898066824100338,4.556380808135027,-1.189834811798014,4.668528737541171,3.4786939257431566
HHFAMINC,9,historical_xgboost,611,8490208.346397549,4.381698529696394,5.302637768385783,3.3592780171943444,5.383431903888491,8.742709921082836
HHFAMINC,9,llm_trip_suppression_a1p25,611,8490208.346397549,2.898263300378282,4.086358525064523,-0.8845610969564917,5.383431903888491,4.498870806932
HHFAMINC,9,global_trip_suppression_a1p25,611,8490208.346397549,3.0451311444236575,4.4248124539387765,-1.7577758360815199,5.383431903888491,3.6256560678069714
HHFAMINC,9,random_trip_suppression_a1p25,611,8490208.346397549,3.2485596016353107,4.74410185976085,-1.7126446695264848,5.383431903888491,3.6707872343620065
CENSUS_R,1,historical_xgboost,1363,22465587.35554148,4.128547263733302,4.999645941640597,3.366626452054733,3.781268680541182,7.147895132595915
CENSUS_R,1,llm_trip_suppression_a1p25,1363,22465587.35554148,2.4287880784430502,3.5586671321287304,-0.731669906823738,3.781268680541182,3.049598773717445
CENSUS_R,1,global_trip_suppression_a1p25,1363,22465587.35554148,2.4593388075606315,3.6476418116638176,-0.8169922040851877,3.781268680541182,2.964276476455994
CENSUS_R,1,random_trip_suppression_a1p25,1363,22465587.35554148,2.6364721706504572,3.856312761053003,-0.7248646064550931,3.781268680541182,3.056404074086089
CENSUS_R,2,historical_xgboost,1861,27691062.214524657,4.366539726269556,5.38551695449052,3.635687565948619,3.88100875270086,7.516696318649478
CENSUS_R,2,llm_trip_suppression_a1p25,1861,27691062.214524657,2.469471662020222,3.6444996053571543,-0.500126285285463,3.88100875270086,3.3808824674153963
CENSUS_R,2,global_trip_suppression_a1p25,1861,27691062.214524657,2.5192329132206277,3.765660260742098,-0.7637881353435391,3.88100875270086,3.11722061735732
CENSUS_R,2,random_trip_suppression_a1p25,1861,27691062.214524657,2.6719330553831595,3.934506058238095,-0.6890064335792533,3.88100875270086,3.1920023191216065
CENSUS_R,3,historical_xgboost,2915,48773694.938607365,4.497141462828199,5.49272117708749,3.781757732796926,3.686845144150684,7.46860287694761
CENSUS_R,3,llm_trip_suppression_a1p25,2915,48773694.938607365,2.512663327674426,3.750201026474132,-0.44479192925217187,3.686845144150684,3.2420532148985126
CENSUS_R,3,global_trip_suppression_a1p25,2915,48773694.938607365,2.5028654787369247,3.7184137781965276,-0.5895691755695528,3.686845144150684,3.0972759685811315
CENSUS_R,3,random_trip_suppression_a1p25,2915,48773694.938607365,2.6108473429041497,3.840706727560182,-0.4594865345650988,3.686845144150684,3.2273586095855853
CENSUS_R,4,historical_xgboost,1754,28614362.491326496,4.202172596734363,5.1856049476041886,3.461985590916318,4.0714368823674,7.533422473283719
CENSUS_R,4,llm_trip_suppression_a1p25,1754,28614362.491326496,2.4835113523244794,3.597685083224528,-0.5921536098735813,4.0714368823674,3.4792832724938187
CENSUS_R,4,global_trip_suppression_a1p25,1754,28614362.491326496,2.6079684152875044,3.8363578546428947,-0.9472798248687377,4.0714368823674,3.124157057498662
CENSUS_R,4,random_trip_suppression_a1p25,1754,28614362.491326496,2.7626448660408114,4.063035320170927,-0.8327444563701378,4.0714368823674,3.2386924259972623
HHSIZE,1,historical_xgboost,2271,36408704.97134426,2.3459737156676757,2.677085422756555,1.9712489257273695,1.7646800139423304,3.7359289396697
HHSIZE,1,llm_trip_suppression_a1p25,2271,36408704.97134426,1.351495884193624,1.8765380526256108,-0.48561173438627436,1.7646800139423304,1.2790682795560557
HHSIZE,1,global_trip_suppression_a1p25,2271,36408704.97134426,1.3771946945682425,1.8257517232699665,-0.21536709480438615,1.7646800139423304,1.549312919137944
HHSIZE,1,random_trip_suppression_a1p25,2271,36408704.97134426,1.4293903144841165,1.895107225138113,-0.15960960778765249,1.7646800139423304,1.6050704061546777
HHSIZE,2,historical_xgboost,3339,44750885.62745042,4.0668189444367595,4.571531132023727,3.427249614564765,3.507098587336825,6.9343482019015905
HHSIZE,2,llm_trip_suppression_a1p25,3339,44750885.62745042,2.276342675413285,3.056201714020983,-0.3908203888486705,3.507098587336825,3.1162781984881547
HHSIZE,2,global_trip_suppression_a1p25,3339,44750885.62745042,2.289731058891626,3.0972146414384567,-0.6313813484653186,3.507098587336825,2.8757172388715064
HHSIZE,2,random_trip_suppression_a1p25,3339,44750885.62745042,2.3933155808238604,3.210577432866947,-0.5049388771540486,3.507098587336825,3.0021597101827764
HHSIZE,3,historical_xgboost,967,19001129.40531972,5.071495992734984,5.759460549840801,4.128492533114292,4.724004375922511,8.852496909036802
HHSIZE,3,llm_trip_suppression_a1p25,967,19001129.40531972,2.8910848735817796,4.042086206312419,-0.5710124333311276,4.724004375922511,4.152991942591382
HHSIZE,3,global_trip_suppression_a1p25,967,19001129.40531972,2.938791414004285,4.175796438442326,-1.0528189627941684,4.724004375922511,3.6711854131283412
HHSIZE,3,random_trip_suppression_a1p25,967,19001129.40531972,3.074865315219055,4.276188969583328,-0.8698330292073538,4.724004375922511,3.8541713467151557
HHSIZE,4,historical_xgboost,786,15515882.315177334,6.137309565327826,7.017456346673153,5.033193729651026,5.998833773862497,11.032027503513525
HHSIZE,4,llm_trip_suppression_a1p25,786,15515882.315177334,3.459338564781168,4.836467823640848,-0.7664942139266694,5.998833773862497,5.232339559935829
HHSIZE,4,global_trip_suppression_a1p25,786,15515882.315177334,3.7013252087498425,5.138210351744362,-1.423783495473166,5.998833773862497,4.575050278389332
HHSIZE,4,random_trip_suppression_a1p25,786,15515882.315177334,4.020608016329896,5.4363168991116915,-1.2533159798244322,5.998833773862497,4.745517794038065
HHSIZE,5,historical_xgboost,343,7521882.49142153,7.473354137571705,8.692325109504734,5.840083897323465,7.213571443738234,13.053655341061697
HHSIZE,5,llm_trip_suppression_a1p25,343,7521882.49142153,4.621830904686246,6.311337741396187,-1.0566504880269383,7.213571443738234,6.156920955711295
HHSIZE,5,global_trip_suppression_a1p25,343,7521882.49142153,4.734764203833489,6.614148955271274,-1.8001395534440434,7.213571443738234,5.4134318902941905
HHSIZE,5,random_trip_suppression_a1p25,343,7521882.49142153,4.88309253786333,6.825126344110067,-1.6859565307421978,7.213571443738234,5.527614912996037
HHSIZE,6,historical_xgboost,123,2635515.1905298526,8.3778366433052,9.437028977622047,7.729757351573266,6.262590473280717,13.992347824853985
HHSIZE,6,llm_trip_suppression_a1p25,123,2635515.1905298526,4.274380768696935,5.498105588384327,-0.1436316318955622,6.262590473280717,6.1189588413851554
HHSIZE,6,global_trip_suppression_a1p25,123,2635515.1905298526,3.58363709976365,4.940552838185109,-0.45987698375845054,6.262590473280717,5.802713489522267
HHSIZE,6,random_trip_suppression_a1p25,123,2635515.1905298526,3.94410338418708,5.359842981773337,-0.6506912971763764,6.262590473280717,5.611899176104342
HHSIZE,7,historical_xgboost,37,1058082.430990632,10.183408053805053,11.67398661388359,9.084848743567935,7.155176121179531,16.24002486474747
HHSIZE,7,llm_trip_suppression_a1p25,37,1058082.430990632,6.141750542419783,8.214486162396947,-0.7613477047076018,7.155176121179531,6.393828416471929
HHSIZE,7,global_trip_suppression_a1p25,37,1058082.430990632,6.004319052949998,7.452345411641645,-0.42033701251618305,7.155176121179531,6.734839108663349
HHSIZE,7,random_trip_suppression_a1p25,37,1058082.430990632,6.731794973675059,8.025309201320702,-0.46674105172957625,7.155176121179531,6.688435069449954
HHSIZE,8,historical_xgboost,19,506172.7558284294,6.469318894505436,8.760586787928698,5.459982872980518,10.562733034088883,16.022715907069397
HHSIZE,8,llm_trip_suppression_a1p25,19,506172.7558284294,6.278523233943251,7.243195015508554,-4.150835670168751,10.562733034088883,6.411897363920128
HHSIZE,8,global_trip_suppression_a1p25,19,506172.7558284294,6.446388760597702,7.722013831273972,-3.9180132989500183,10.562733034088883,6.644719735138863
HHSIZE,8,random_trip_suppression_a1p25,19,506172.7558284294,8.109909535482522,9.642156007897965,-4.93133628607564,10.562733034088883,5.631396748013241
HHSIZE,9,historical_xgboost,6,113514.23314186055,11.974172005195463,13.220298795011361,8.041594054776514,8.423249115125996,16.464843169902508
HHSIZE,9,llm_trip_suppression_a1p25,6,113514.23314186055,8.466611248137106,9.590469471877046,0.08471370439896103,8.423249115125996,8.507962819524955
HHSIZE,9,global_trip_suppression_a1p25,6,113514.23314186055,8.526761181604547,10.30696517620917,-1.5951764599310583,8.423249115125996,6.828072655194938
HHSIZE,9,random_trip_suppression_a1p25,6,113514.23314186055,9.024434841833912,10.64943746985522,-1.004841883306339,8.423249115125996,7.418407231819657
HHSIZE,10,historical_xgboost,2,32937.5787959488,16.673805873140406,16.704961653512623,16.673805873140406,2.0623007564897025,18.736106629630108
HHSIZE,10,llm_trip_suppression_a1p25,2,32937.5787959488,6.425437340358603,6.425449043160429,6.425437340358603,2.0623007564897025,8.487738096848306
HHSIZE,10,global_trip_suppression_a1p25,2,32937.5787959488,5.707678952545778,5.721056726529549,5.707678952545778,2.0623007564897025,7.769979709035479
HHSIZE,10,random_trip_suppression_a1p25,2,32937.5787959488,8.47401226307345,8.481103870684889,8.47401226307345,2.0623007564897025,10.536313019563151
