subgroup_column,subgroup_value,rows,weight_sum,weighted_bias_global_trip_suppression_a1p25,weighted_bias_historical_xgboost,weighted_bias_llm_trip_suppression_a1p25,weighted_bias_random_trip_suppression_a1p25,weighted_mae_global_trip_suppression_a1p25,weighted_mae_historical_xgboost,weighted_mae_llm_trip_suppression_a1p25,weighted_mae_random_trip_suppression_a1p25,weighted_rmse_global_trip_suppression_a1p25,weighted_rmse_historical_xgboost,weighted_rmse_llm_trip_suppression_a1p25,weighted_rmse_random_trip_suppression_a1p25,llm_vs_historical_mae_delta,llm_vs_global_mae_delta,llm_vs_random_mae_delta,llm_vs_historical_bias_abs_delta
CENSUS_R,1,1363,22465587.35554148,-0.8169922040851877,3.366626452054733,-0.731669906823738,-0.7248646064550931,2.4593388075606315,4.128547263733302,2.4287880784430502,2.6364721706504572,3.6476418116638176,4.999645941640597,3.5586671321287304,3.856312761053003,1.6997591852902518,0.030550729117581277,0.20768409220740702,2.634956545230995
CENSUS_R,2,1861,27691062.214524657,-0.7637881353435391,3.635687565948619,-0.500126285285463,-0.6890064335792533,2.5192329132206277,4.366539726269556,2.469471662020222,2.6719330553831595,3.765660260742098,5.38551695449052,3.6444996053571543,3.934506058238095,1.8970680642493338,0.04976125120040553,0.20246139336293734,3.135561280663156
CENSUS_R,3,2915,48773694.938607365,-0.5895691755695528,3.781757732796926,-0.44479192925217187,-0.4594865345650988,2.5028654787369247,4.497141462828199,2.512663327674426,2.6108473429041497,3.7184137781965276,5.49272117708749,3.750201026474132,3.840706727560182,1.9844781351537728,-0.009797848937501463,0.09818401522972353,3.336965803544754
CENSUS_R,4,1754,28614362.491326496,-0.9472798248687377,3.461985590916318,-0.5921536098735813,-0.8327444563701378,2.6079684152875044,4.202172596734363,2.4835113523244794,2.7626448660408114,3.8363578546428947,5.1856049476041886,3.597685083224528,4.063035320170927,1.7186612444098839,0.12445706296302506,0.279133513716332,2.8698319810427364
HHFAMINC,-7,93,1600742.7281241086,-0.09542344491494223,3.9077316018867134,0.43292987462807087,0.1314979119676867,2.00724082567429,4.190036292808106,2.0790130075792965,2.2542698160994945,2.6268789985252186,4.916311054046992,2.6953458229048897,2.788691236801656,2.1110232852288093,-0.07177218190500634,0.17525680852019798,3.4748017272586424
HHFAMINC,-8,3,41548.81223421412,-0.7572275585777295,3.466292799610972,-0.16668485367332952,-0.39987265822579754,0.7572275585777295,3.466292799610972,0.21030615708260073,0.39987265822579754,0.7736007096075148,3.5616654100549225,0.2217207377498213,0.5019121507209332,3.255986642528371,0.5469214014951288,0.18956650114319681,3.2996079459376424
HHFAMINC,1,300,7385631.213695964,1.0751479053161372,4.411046527376085,-0.2035082525608606,1.1428652255870284,1.7971404735049565,4.53848906912435,1.3853590538261717,1.9185100482125013,2.3213607712214284,5.613449083402732,2.0359351232278775,2.6053655491353918,3.1531300152981783,0.4117814196787848,0.5331509943863295,4.207538274815224
HHFAMINC,10,593,9895359.59758039,-1.669984446501039,3.532049748150149,-0.8185070353362504,-1.4286443571583185,3.1047413020834793,4.675380274305841,3.043412160222551,3.1480227240954166,4.542783136075702,5.743009513606296,4.370631800095265,4.574155578442057,1.63196811408329,0.06132914186092853,0.10461056387286582,2.713542712813899
HHFAMINC,11,806,12741223.017888635,-1.7355738239336225,3.516130758751933,-0.7009387955721785,-1.65395474000311,3.18584619904094,4.6388747368674474,3.131846176918533,3.401768103697658,4.653850761294577,5.623895902347544,4.384370470830712,4.8800992798636065,1.5070285599489144,0.05400002212240684,0.2699219267791251,2.815191963179754
HHFAMINC,2,242,5158270.638978538,0.27019766018265634,3.318124218282908,-0.8074733494273587,0.3283243470245686,1.9283719291090993,3.6735767909235877,1.7817812718113415,2.1268034837682723,2.818587460702758,4.568325586202922,3.129988203874193,3.1459350616564206,1.8917955191122462,0.14659065729775778,0.34502221195693084,2.5106508688555493
HHFAMINC,3,467,8616666.685066657,-0.03991451786393108,3.4289787103464526,-0.6682727323360033,0.02341744541154096,2.0048142477492377,3.9098364643281056,2.1559343757863885,2.105780605136961,3.0743098315396837,4.822928774670808,3.429323308561547,3.151137308418069,1.7539020885417171,-0.1511201280371508,-0.050153770649427276,2.7607059780104493
HHFAMINC,4,552,9884379.583201796,-0.026644419541012265,4.019793249970088,-0.3739592831432244,0.18923032264800824,2.209346415528078,4.468468762073294,2.277568904178625,2.414729721212016,3.0938788892806097,5.495768928180631,3.285926103682309,3.3179952745128896,2.190899857894669,-0.0682224886505467,0.1371608170333909,3.6458339668268636
HHFAMINC,5,824,13569737.559333522,-0.2026463917614401,3.7585807862829785,-0.2519638514550735,-0.19577741998381068,2.2242031470253876,4.278131228056276,2.206401644471186,2.3803134306977958,3.1689622564019726,5.219018451984188,3.166696342889433,3.374651763138392,2.0717295835850904,0.017801502554201765,0.17391178622660997,3.506616934827905
HHFAMINC,6,1392,21252307.49957845,-0.3028993096156732,3.9540463640721475,-0.09703998327280278,-0.21271640256279015,2.271523795253691,4.425200856126517,2.347749171989409,2.4066567797544463,3.158281832609384,5.376501250435739,3.2285104067005017,3.3546165029592343,2.077451684137108,-0.07622537673571772,0.05890760776503745,3.8570063807993447
HHFAMINC,7,1120,16651924.971661704,-1.5150678995609557,2.9304010429260794,-0.9680051451373604,-1.3506969466071133,2.7477515493915887,3.9373581843590255,2.6544243226151916,2.8699408574722076,4.129138029334119,4.914411696913703,3.9257267166742844,4.222202569323013,1.282933861743834,0.09332722677639715,0.21551653485701605,1.962395897788719
HHFAMINC,8,890,12256706.34625848,-1.2997135312649286,3.454849094052442,-0.6810153532205433,-1.189834811798014,2.83537746479418,4.555602196706703,2.7781529206661837,2.898066824100338,4.430779021602819,5.515788232442065,4.2158959785414725,4.556380808135027,1.7774492760405192,0.05722454412799616,0.11991390343415409,2.7738337408318987
HHFAMINC,9,611,8490208.346397549,-1.7577758360815199,3.3592780171943444,-0.8845610969564917,-1.7126446695264848,3.0451311444236575,4.381698529696394,2.898263300378282,3.2485596016353107,4.4248124539387765,5.302637768385783,4.086358525064523,4.74410185976085,1.4834352293181126,0.14686784404537567,0.3502963012570288,2.474716920237853
HHSIZE,1,2271,36408704.97134426,-0.21536709480438615,1.9712489257273695,-0.48561173438627436,-0.15960960778765249,1.3771946945682425,2.3459737156676757,1.351495884193624,1.4293903144841165,1.8257517232699665,2.677085422756555,1.8765380526256108,1.895107225138113,0.9944778314740517,0.02569881037461852,0.07789443029049248,1.485637191341095
HHSIZE,10,2,32937.5787959488,5.707678952545778,16.673805873140406,6.425437340358603,8.47401226307345,5.707678952545778,16.673805873140406,6.425437340358603,8.47401226307345,5.721056726529549,16.704961653512623,6.425449043160429,8.481103870684889,10.248368532781804,-0.7177583878128253,2.048574922714846,10.248368532781804
HHSIZE,2,3339,44750885.62745042,-0.6313813484653186,3.427249614564765,-0.3908203888486705,-0.5049388771540486,2.289731058891626,4.0668189444367595,2.276342675413285,2.3933155808238604,3.0972146414384567,4.571531132023727,3.056201714020983,3.210577432866947,1.7904762690234746,0.013388383478341037,0.11697290541057548,3.0364292257160947
HHSIZE,3,967,19001129.40531972,-1.0528189627941684,4.128492533114292,-0.5710124333311276,-0.8698330292073538,2.938791414004285,5.071495992734984,2.8910848735817796,3.074865315219055,4.175796438442326,5.759460549840801,4.042086206312419,4.276188969583328,2.180411119153204,0.04770654042250522,0.18378044163727525,3.5574800997831644
HHSIZE,4,786,15515882.315177334,-1.423783495473166,5.033193729651026,-0.7664942139266694,-1.2533159798244322,3.7013252087498425,6.137309565327826,3.459338564781168,4.020608016329896,5.138210351744362,7.017456346673153,4.836467823640848,5.4363168991116915,2.6779710005466577,0.24198664396867464,0.561269451548728,4.266699515724357
HHSIZE,5,343,7521882.49142153,-1.8001395534440434,5.840083897323465,-1.0566504880269383,-1.6859565307421978,4.734764203833489,7.473354137571705,4.621830904686246,4.88309253786333,6.614148955271274,8.692325109504734,6.311337741396187,6.825126344110067,2.8515232328854587,0.11293329914724293,0.2612616331770843,4.783433409296527
HHSIZE,6,123,2635515.1905298526,-0.45987698375845054,7.729757351573266,-0.1436316318955622,-0.6506912971763764,3.58363709976365,8.3778366433052,4.274380768696935,3.94410338418708,4.940552838185109,9.437028977622047,5.498105588384327,5.359842981773337,4.103455874608264,-0.6907436689332851,-0.3302773845098552,7.586125719677703
HHSIZE,7,37,1058082.430990632,-0.42033701251618305,9.084848743567935,-0.7613477047076018,-0.46674105172957625,6.004319052949998,10.183408053805053,6.141750542419783,6.731794973675059,7.452345411641645,11.67398661388359,8.214486162396947,8.025309201320702,4.04165751138527,-0.137431489469785,0.5900444312552757,8.323501038860334
HHSIZE,8,19,506172.7558284294,-3.9180132989500183,5.459982872980518,-4.150835670168751,-4.93133628607564,6.446388760597702,6.469318894505436,6.278523233943251,8.109909535482522,7.722013831273972,8.760586787928698,7.243195015508554,9.642156007897965,0.190795660562185,0.16786552665445065,1.831386301539271,1.3091472028117668
HHSIZE,9,6,113514.23314186055,-1.5951764599310583,8.041594054776514,0.08471370439896103,-1.004841883306339,8.526761181604547,11.974172005195463,8.466611248137106,9.024434841833912,10.30696517620917,13.220298795011361,9.590469471877046,10.64943746985522,3.507560757058357,0.06014993346744113,0.5578235936968063,7.956880350377553
HHVEHCNT,0,476,10712489.268148404,0.33954811848514144,3.0205104308090203,-1.0408674879663082,0.40304963809261196,1.544881244908364,3.2940542252334657,1.4569235579206419,1.6539905969975948,2.0239733767520645,4.085218061263742,2.2738784272292345,2.2470846474066946,1.8371306673128238,0.0879576869877221,0.1970670390769529,1.979642942842712
HHVEHCNT,1,2623,42271037.00351419,-0.2478302641756897,3.0797869843668444,-0.6619199208312553,-0.15788301346446731,1.9808676183764664,3.54487623384552,1.9572410096690873,2.0821675794141696,2.7614992700630077,4.394623968129482,2.860064049438402,2.891906557686394,1.5876352241764329,0.023626608707379093,0.12492656974508232,2.417867063535589
HHVEHCNT,11,3,130732.34669552345,0.8410380768836947,6.156874195041305,2.169085596970562,1.3463242357659573,0.8410380768836947,6.156874195041305,2.169085596970562,1.3463242357659573,0.9155178401485142,6.22008293990831,2.1792422523371893,1.4424817007896502,3.9877885980707433,-1.328047520086867,-0.8227613612046045,3.9877885980707433
HHVEHCNT,14,1,9225.77881469857,4.456101988591717,10.74520206451416,5.641231083869934,6.178491187095641,4.456101988591717,10.74520206451416,5.641231083869934,6.178491187095641,4.456101988591717,10.74520206451416,5.641231083869934,6.178491187095641,5.103970980644226,-1.1851290952782172,0.5372601032257069,5.103970980644226
HHVEHCNT,17,1,25610.4513071656,1.2098286400455944,2.9173150062561035,0.8022616267204286,1.750389003753662,1.2098286400455944,2.9173150062561035,0.8022616267204286,1.750389003753662,1.2098286400455944,2.9173150062561035,0.8022616267204286,1.750389003753662,2.115053379535675,0.40756701332516587,0.9481273770332335,2.115053379535675
HHVEHCNT,2,3199,48347256.666449025,-1.0594761182727161,3.8222492675269266,-0.5228031243551454,-0.9341855762054136,2.821749565990614,4.724655462296371,2.7683604764323992,2.950068988829341,4.155989030309248,5.646324851127876,4.022371497030043,4.277691510678113,1.956294985863972,0.05338908955821475,0.18170851239694175,3.299446143171781
HHVEHCNT,3,1043,16859279.62179253,-1.3475644141520648,4.210391336547058,-0.12623301928447453,-1.1873495906273295,3.22162993168497,5.297369793868905,3.2148005172931526,3.4215629759946746,4.749627758988551,6.302912515779149,4.474575218781411,4.95157883810656,2.082569276575752,0.006829414391817501,0.206762458701522,4.084158317262584
HHVEHCNT,4,360,6251993.794303581,-1.8558836122261773,4.208200087268573,-0.5886910598450023,-1.8654641371060834,3.3237067251401955,5.217972223759558,3.166055691378093,3.629111836472977,4.8192829036317875,6.292994877875832,4.527428864694938,5.380489141599408,2.051916532381465,0.15765103376210243,0.463056145094884,3.6195090274235713
HHVEHCNT,5,122,1810760.2076290352,-1.7967938074250234,4.123395240142872,-0.40962122944139523,-1.6283222377772195,3.7593050044146086,5.3879673557152445,3.65931067838809,4.011615152588653,5.132810263144994,6.841340435199427,4.902550985061968,5.368870529195929,1.7286566773271543,0.09999432602651837,0.35230447420056255,3.713774010701477
HHVEHCNT,6,44,781712.3564872922,0.17846938680019153,5.941941282802589,1.5954393612618967,0.7057204609838796,2.2863089701044306,6.190891468691924,2.882250912115971,2.8157552065812386,2.957945321968429,7.052640569018159,3.451301029384716,3.4401254907441037,3.308640556575953,-0.5959419420115406,-0.06649570553473261,4.346501921540693
HHVEHCNT,7,13,230253.06764820736,0.018644696101695595,6.1157827299480925,1.456381150686004,-0.5676859191358755,2.9734074854843815,6.282300124017392,2.9780775915528954,3.4107222729594984,3.378869549249783,7.520717687962623,3.5707514145245494,4.261382160323366,3.3042225324644967,-0.004670106068513924,0.43264468140660295,4.659401579262088
HHVEHCNT,8,7,101909.20710630364,-0.5426841679675017,6.252721248966921,0.7316190576284884,-1.6580589192900126,4.38956850520279,6.708089524467294,4.361473707243301,3.225008368562836,5.1904792635880925,9.167265801506588,5.239734472333072,3.9453768524883333,2.3466158172239924,0.028094797959488993,-1.1364653386804653,5.521102191338432
HHVEHCNT,9,1,12447.2301040471,0.061464824935952844,4.38224983215332,1.5216280221939087,1.4293498992919922,0.061464824935952844,4.38224983215332,1.5216280221939087,1.4293498992919922,0.061464824935952844,4.38224983215332,1.5216280221939087,1.4293498992919922,2.8606218099594116,-1.4601631972579558,-0.0922781229019165,2.8606218099594116
RAIL,1,1808,30282605.18058914,-0.8617217353525526,3.3622139668894455,-0.5994593123727358,-0.7295949190841058,2.4468973452279696,4.018732497230875,2.402567472329266,2.5601147353598503,3.4871238175147523,4.872058947075485,3.4107079423000055,3.6281735485467426,1.6161650249016093,0.044329872898703826,0.15754726303058453,2.76275465451671
RAIL,2,6085,97262101.81941086,-0.7122035152966217,3.680832462735563,-0.5220067793307247,-0.6118426495893123,2.545818424950627,4.436994066057241,2.5066948600075696,2.694611828709432,3.8194095607916,5.448035433414491,3.7343465022691715,3.9997023461826027,1.9302992060496713,0.03912356494305724,0.18791696870186225,3.1588256834048383
URBRUR,1,6306,102919309.81442939,-0.8056167479448197,3.5205641976557445,-0.6362877510884661,-0.6851815375195127,2.54344169975218,4.275256843505037,2.505344814170933,2.6733069051690523,3.7500612256307377,5.269357346957938,3.666854075216542,3.9068893558234126,1.7699120293341042,0.03809688558124691,0.16796209099811943,2.884276446567278
URBRUR,2,1587,24625397.18557062,-0.5056596708217245,3.9588422370607987,-0.1396269870811688,-0.4501338977630385,2.434105421359032,4.598609057904964,2.3842885994665233,2.6182583658495955,3.7143197350063573,5.511333845800079,3.6317226356822667,3.9470973691246516,2.214320458438441,0.04981682189250858,0.2339697663830722,3.81921524997963
WRKCOUNT,0,2758,43369247.00021003,0.03496757666198515,3.3127892746294365,-0.2748778377686166,0.12537476130431383,2.0426443775727443,3.7958641290321573,1.950898934827701,2.128215575829871,2.7142427448244066,4.657050870858809,2.7144893854288483,2.8620432714078587,1.8449651942044563,0.09174544274504326,0.17731664100216982,3.0379114368608198
WRKCOUNT,1,2790,45309376.45428127,-0.6409156057292238,3.417228240043653,-0.45766349226126046,-0.5123916821905597,2.2479449691048607,4.081653120260532,2.2986014257042346,2.40094972786032,3.4369758919860938,5.01290066007254,3.4299263629950576,3.5849212418562577,1.7830516945562978,-0.0506564565993739,0.10234830215608515,2.9595647477823928
WRKCOUNT,2,2026,32224592.582005654,-1.6248547624975307,3.9853627699294862,-0.9142043914927368,-1.5161688721981557,3.218428775538756,5.029577024538831,3.148380884732619,3.3816562081677155,4.6943215429874225,6.007224972846342,4.510953171752493,4.887904615923133,1.881196139806212,0.07004789080613705,0.23327532343509638,3.0711583784367495
WRKCOUNT,3,266,5430724.960110581,-2.391648475491914,4.698129954651637,-1.1004198915345809,-2.277671494786676,3.9887186317588643,6.094685476766037,3.7774315323257017,4.232982774239781,5.7254432916931135,7.119696420827268,5.396405539043851,5.997724674989334,2.317253944440335,0.2112870994331626,0.4555512419140797,3.5977100631170558
WRKCOUNT,4,42,955350.6070260877,-2.1800999236508325,5.695824388963021,-0.8826699560166729,-2.2109023874502083,4.399154149368535,6.776225135172089,4.469853675240225,4.986557271046967,5.750992628502095,7.932950679596147,5.71419365730716,6.080292197741162,2.3063714599318637,-0.07069952587169048,0.5167035958067423,4.813154432946348
WRKCOUNT,5,8,202620.49981938396,-2.5333863194236117,6.597099270452786,-0.9041745870968836,-3.4382620978792735,6.731268956153845,7.119451327076054,6.001068160773963,7.246037042255376,7.185904175845095,9.718393609690398,6.372087163446537,8.266363280110673,1.118383166302091,0.7302007953798819,1.2449688814814133,5.692924683355903
WRKCOUNT,6,3,52794.896546992175,1.9343283251511658,11.313267575877404,3.7017121566530418,4.011422276553676,6.218899209885335,11.313267575877404,6.619918883719067,6.310208763818433,6.372874193203428,13.095498940740667,7.188659344791481,7.045109851449775,4.693348692158337,-0.4010196738337317,-0.30971011990063424,7.611555419224363
